ARCID,ATYP,ADEP,ADES,RM,ARF,ETD,TT,ETA,recat,size_seats_avg,minutes_eta,minutes_etd,minutes_tt,is_ecac,airline,distancia_km,is_departed,is_inside_radius,is_gpd_candidate,flight_status,assigned_slot,total_delay,air_delay,ground_delay
VLG26NX,A320,LEMG,LEBL,ECMEA,360,4:45:00,15,6:00:00,D,173.0,360.0,285.0,15.0,True,VLG,740.1826666666667,False,True,True,GPD CANDIDATE,363.0,3.0,0.0,3.0
VLG6HA,A320,LEZL,LEBL,ECOKH,340,4:49:00,10,6:00:00,D,173.0,360.0,289.0,10.0,True,VLG,753.764,False,True,True,GPD CANDIDATE,375.0,15.0,0.0,15.0
VLG6XL,A320,LEPA,LEBL,ECOGC,180,5:42:00,17,6:00:00,D,173.0,360.0,342.0,17.0,True,VLG,0.0,False,True,True,GPD CANDIDATE,378.0,18.0,0.0,18.0
FIA511,A320,LUKK,LEBL,ER00008,360,2:45:00,15,6:00:00,D,173.0,360.0,165.0,15.0,True,FIA,2369.9426666666664,True,True,False,EXEMPT AIRBORNE,360.0,0.0,0.0,0.0
RYR47WZ,B38M,EYVI,LEBL,SPRZK,380,2:55:00,10,6:05:00,D,189.0,365.0,175.0,10.0,True,RYR,2369.9426666666664,True,True,False,EXEMPT AIRBORNE,366.0,1.0,1.0,0.0
LHX93U,A20N,EDDM,LEBL,DAIJN,370,4:34:00,12,6:05:00,D,180.0,365.0,274.0,12.0,True,LHX,998.2280000000001,False,True,True,GPD CANDIDATE,381.0,16.0,0.0,16.0
RYR4VD,B738,LEZL,LEBL,9HQEU,380,4:37:00,10,6:05:00,D,184.0,365.0,277.0,10.0,True,RYR,984.6466666666666,False,True,True,GPD CANDIDATE,384.0,19.0,0.0,19.0
TRA5B,B738,EHAM,LEBL,PHHSI,390,4:12:00,15,6:05:00,D,184.0,365.0,252.0,15.0,True,TRA,1256.2733333333335,False,True,True,GPD CANDIDATE,393.0,28.0,0.0,28.0
CPA321,A359,VHHH,LEBL,BLRC,400,16:35:00,10,6:05:00,B,297.0,365.0,995.0,10.0,False,CPA,11526.076333333334,False,False,False,EXEMPT INTERNATIONAL,369.0,4.0,4.0,0.0
RYR1VJ,B738,LEPA,LEBL,9HQAD,180,5:46:00,16,6:10:00,D,184.0,370.0,346.0,16.0,True,RYR,33.95333333333333,False,True,True,GPD CANDIDATE,405.0,35.0,0.0,35.0
EWG4214,A320,LKPR,LEBL,9HEUN,370,4:24:00,16,6:10:00,D,173.0,370.0,264.0,16.0,True,EWG,1147.6226666666669,False,True,True,GPD CANDIDATE,408.0,38.0,0.0,38.0
DAL128,B764,KJFK,LEBL,N841MH,370,22:00:00,30,6:10:00,C,245.0,370.0,1320.0,30.0,False,DAL,6453.294,False,False,False,EXEMPT INTERNATIONAL,372.0,2.0,2.0,0.0
RYR17MW,B738,LHBP,LEBL,SPRSI,370,4:10:00,10,6:15:00,D,184.0,375.0,250.0,10.0,True,RYR,1487.1560000000002,False,True,True,GPD CANDIDATE,411.0,36.0,0.0,36.0
WMT2NV,A21N,LOWW,LEBL,9HWAO,350,4:29:00,15,6:15:00,D,220.0,375.0,269.0,15.0,True,WMT,1161.204,False,True,True,GPD CANDIDATE,414.0,39.0,0.0,39.0
RYR6882,B738,LEMH,LEBL,EIDCN,180,5:55:00,10,6:20:00,D,184.0,380.0,355.0,10.0,True,RYR,129.02266666666665,False,True,True,GPD CANDIDATE,417.0,37.0,0.0,37.0
UAL992,B789,KIAD,LEBL,N24974,400,22:50:00,20,6:25:00,B,284.0,385.0,1370.0,20.0,False,UAL,6230.899666666667,False,False,False,EXEMPT INTERNATIONAL,387.0,2.0,2.0,0.0
IBE04TP,A321,LEMD,LEBL,ECJZM,260,5:26:00,16,6:25:00,D,207.0,385.0,326.0,16.0,True,IBE,509.3,False,True,True,GPD CANDIDATE,423.0,38.0,0.0,38.0
RYR519Z,B738,EVRA,LEBL,SPRKS,370,3:11:00,9,6:25:00,D,184.0,385.0,191.0,9.0,True,RYR,2437.849333333333,True,True,False,EXEMPT AIRBORNE,390.0,5.0,5.0,0.0
VLG1423,A320,LEBB,LEBL,ECJYX,300,5:32:00,7,6:25:00,D,173.0,385.0,332.0,7.0,True,VLG,550.044,False,True,True,GPD CANDIDATE,432.0,47.0,0.0,47.0
WZZ9AR,A21N,EPWA,LEBL,9HWDT,370,4:01:00,16,6:30:00,D,220.0,390.0,241.0,16.0,True,WZZ,1731.6200000000001,False,True,True,GPD CANDIDATE,438.0,48.0,0.0,48.0
RYR11SX,B38M,EPKK,LEBL,SPRZI,350,4:23:00,15,6:30:00,D,189.0,390.0,263.0,15.0,True,RYR,1446.412,False,True,True,GPD CANDIDATE,444.0,54.0,0.0,54.0
KLM1497,E190,EHAM,LEBL,DACJJ,390,4:50:00,18,6:30:00,E,104.0,390.0,290.0,18.0,True,KLM,755.616,False,True,True,GPD CANDIDATE,453.0,63.0,0.0,63.0
UAL120,B772,KEWR,LEBL,N795UA,390,23:25:00,10,6:35:00,B,296.0,395.0,1405.0,10.0,False,UAL,6013.289666666667,False,False,False,EXEMPT INTERNATIONAL,396.0,1.0,1.0,0.0
UAE81W,B77L,OMDB,LEBL,A6EWJ,380,23:35:00,10,6:35:00,B,317.0,395.0,1415.0,10.0,False,UAE,5868.216333333333,False,False,False,EXEMPT INTERNATIONAL,399.0,4.0,4.0,0.0
AAL742,B789,KPHL,LEBL,N820AL,410,23:55:00,40,6:35:00,B,284.0,395.0,1435.0,40.0,False,AAL,5142.849666666667,False,False,False,EXEMPT INTERNATIONAL,402.0,7.0,7.0,0.0
AEA58PB,B789,LEMD,LEBL,ECOFP,300,5:49:00,19,6:40:00,B,284.0,400.0,349.0,19.0,True,AEA,384.4443333333333,False,True,True,GPD CANDIDATE,456.0,56.0,0.0,56.0
NSZ56V,B38M,EKCH,LEBL,SENAA,410,4:23:00,10,6:40:00,D,189.0,400.0,263.0,10.0,True,NSZ,1650.132,False,True,True,GPD CANDIDATE,459.0,59.0,0.0,59.0
VLG684H,A320,LEPA,LEBL,ECMAI,180,6:17:00,17,6:40:00,D,173.0,400.0,377.0,17.0,True,VLG,6.790666666666667,False,True,True,GPD CANDIDATE,465.0,65.0,0.0,65.0
SWR4XH,A321,LSZH,LEBL,HBIOM,350,5:23:00,13,6:45:00,D,207.0,405.0,323.0,13.0,True,SWR,862.4146666666668,False,True,True,GPD CANDIDATE,468.0,63.0,0.0,63.0
SEU403,A21N,LUKK,LEBL,9HPEC,370,3:55:00,15,6:45:00,D,220.0,405.0,235.0,15.0,True,SEU,2030.4093333333333,False,True,True,GPD CANDIDATE,474.0,69.0,0.0,69.0
AUA391A,A320,LOWW,LEBL,OELBS,370,5:07:00,10,6:45:00,D,173.0,405.0,307.0,10.0,True,AUA,1120.46,False,True,True,GPD CANDIDATE,477.0,72.0,0.0,72.0
WMT6025,A21N,LIRF,LEBL,9HWNQ,340,5:40:00,15,6:50:00,D,220.0,410.0,340.0,15.0,True,WMT,672.2760000000001,False,True,True,GPD CANDIDATE,480.0,70.0,0.0,70.0
WZZ2407,A21N,EPWR,LEBL,9HWMG,370,4:44:00,9,6:55:00,D,220.0,415.0,284.0,9.0,True,WZZ,1582.2253333333335,False,True,True,GPD CANDIDATE,483.0,68.0,0.0,68.0
AFR17ZG,A321,LFPG,LEBL,FGTAP,330,5:30:00,13,6:55:00,D,207.0,415.0,330.0,13.0,True,AFR,903.1586666666667,False,True,True,GPD CANDIDATE,486.0,71.0,0.0,71.0
VLG36GQ,A320,EHAM,LEBL,ECMVE,390,5:09:00,10,6:55:00,D,173.0,415.0,309.0,10.0,True,VLG,1229.1106666666667,False,True,True,GPD CANDIDATE,489.0,74.0,0.0,74.0
ELY393,B739,LLBG,LEBL,4XEHB,360,3:19:00,15,7:00:00,D,183.0,420.0,199.0,15.0,False,ELY,2723.0573333333336,True,True,False,EXEMPT INTERNATIONAL,420.0,0.0,0.0,0.0
RYR95TH,B738,EGSS,LEBL,EIDWM,350,5:14:00,14,7:00:00,D,184.0,420.0,314.0,14.0,True,RYR,1174.7853333333335,False,True,True,GPD CANDIDATE,492.0,72.0,0.0,72.0
WMT641,A321,LATI,LEBL,HALTC,370,4:49:00,5,7:00:00,D,207.0,420.0,289.0,5.0,True,WMT,1636.5506666666668,False,True,True,GPD CANDIDATE,495.0,75.0,0.0,75.0
VLG4TJ,A321,LEPA,LEBL,ECMLD,180,6:42:00,17,7:05:00,D,207.0,425.0,402.0,17.0,True,VLG,6.790666666666667,False,True,True,GPD CANDIDATE,498.0,73.0,0.0,73.0
WZZ636,A21N,LHBP,LEBL,9HWDJ,350,5:10:00,10,7:05:00,D,220.0,425.0,310.0,10.0,True,WZZ,1351.342666666667,False,True,True,GPD CANDIDATE,501.0,76.0,0.0,76.0
MAC377C,A320,GMTT,LEBL,CNNML,380,5:45:00,15,7:05:00,D,173.0,425.0,345.0,15.0,False,MAC,808.0893333333335,False,True,False,EXEMPT INTERNATIONAL,426.0,1.0,1.0,0.0
VLG7481,A320,DAOO,LEBL,ECODN,300,6:13:00,8,7:05:00,D,173.0,425.0,373.0,8.0,False,VLG,522.8813333333334,False,True,False,EXEMPT INTERNATIONAL,429.0,4.0,4.0,0.0
SAS65D,A20N,EKCH,LEBL,SEROE,390,4:41:00,9,7:10:00,D,180.0,430.0,281.0,9.0,True,SAS,1826.6893333333335,False,True,True,GPD CANDIDATE,504.0,74.0,0.0,74.0
DLH55K,A21N,EDDF,LEBL,DAIEN,370,5:39:00,9,7:10:00,D,220.0,430.0,339.0,9.0,True,DLH,1038.972,False,True,True,GPD CANDIDATE,516.0,86.0,0.0,86.0
VLG67PA,A321,LEMH,LEBL,ECMQB,180,6:34:00,11,7:15:00,D,207.0,435.0,394.0,11.0,True,VLG,332.74266666666665,False,True,True,GPD CANDIDATE,519.0,84.0,0.0,84.0
ACA820,B77W,CYYZ,LEBL,CFIVM,360,23:30:00,0,7:15:00,B,331.0,435.0,1410.0,0.0,False,ACA,6666.1196666666665,False,False,False,EXEMPT INTERNATIONAL,435.0,0.0,0.0,0.0
RYR70YX,B38M,LIMF,LEBL,EIIHE,290,6:15:00,15,7:15:00,D,189.0,435.0,375.0,15.0,True,RYR,536.4626666666667,False,True,True,GPD CANDIDATE,522.0,87.0,0.0,87.0
AVA018,B788,SKBO,LEBL,N780AV,410,21:10:00,10,7:20:00,B,266.0,440.0,1270.0,10.0,False,AVA,8624.609666666667,False,False,False,EXEMPT INTERNATIONAL,441.0,1.0,1.0,0.0
EWG64N,A20N,EDDK,LEBL,DAENF,390,5:43:00,10,7:20:00,D,180.0,440.0,343.0,10.0,True,EWG,1106.878666666667,False,True,True,GPD CANDIDATE,525.0,85.0,0.0,85.0
VLG7369,A320,GMTT,LEBL,ECMBE,380,5:45:00,10,7:25:00,D,173.0,445.0,345.0,10.0,False,VLG,1147.6226666666669,False,True,False,EXEMPT INTERNATIONAL,447.0,2.0,2.0,0.0
EZY48HQ,A20N,EGAA,LEBL,GUZLF,390,5:20:00,10,7:25:00,D,180.0,445.0,320.0,10.0,True,EZY,1487.1560000000002,False,True,True,GPD CANDIDATE,528.0,83.0,0.0,83.0
RYR65HW,B738,LIPZ,LEBL,EIDLD,350,6:16:00,11,7:25:00,D,184.0,445.0,376.0,11.0,True,RYR,713.02,False,True,True,GPD CANDIDATE,531.0,86.0,0.0,86.0
N818CA,GA5C,LEMD,LEBL,N818CA,280,6:31:00,21,7:30:00,E,14.0,450.0,391.0,21.0,True,N81,321.0133333333333,False,True,True,GPD CANDIDATE,534.0,84.0,0.0,84.0
TAM8114,B789,SBGR,LEBL,CCBGM,400,21:10:00,10,7:30:00,B,284.0,450.0,1270.0,10.0,False,TAM,8769.683,False,False,False,EXEMPT INTERNATIONAL,450.0,0.0,0.0,0.0
VLG94MT,A320,LIMC,LEBL,ECOJG,310,6:28:00,17,7:35:00,D,173.0,455.0,388.0,17.0,True,VLG,604.3693333333334,False,True,True,GPD CANDIDATE,537.0,82.0,0.0,82.0
NSZ2900,B38M,EFHK,LEBL,SERTA,400,4:06:00,6,7:35:00,D,189.0,455.0,246.0,6.0,True,NSZ,2682.3133333333335,False,True,True,GPD CANDIDATE,540.0,85.0,0.0,85.0
EWG71W,A320,EDDL,LEBL,DABZN,390,5:46:00,11,7:35:00,D,173.0,455.0,346.0,11.0,True,EWG,1256.2733333333335,False,True,True,GPD CANDIDATE,543.0,88.0,0.0,88.0
DAL194,A359,KATL,LEBL,N572DZ,410,23:00:00,10,7:40:00,B,297.0,460.0,1380.0,10.0,False,DAL,7318.949666666666,False,False,False,EXEMPT INTERNATIONAL,462.0,2.0,2.0,0.0
RYR39XE,B738,EIDW,LEBL,EIEMK,370,5:52:00,22,7:40:00,D,184.0,460.0,352.0,22.0,True,RYR,1093.2973333333332,False,True,True,GPD CANDIDATE,546.0,86.0,0.0,86.0
EJU7106,A319,LSGG,LEBL,OELVG,290,6:45:00,10,7:40:00,D,144.0,460.0,405.0,10.0,True,EJU,536.4626666666667,False,True,True,GPD CANDIDATE,549.0,89.0,0.0,89.0
IBE04AM,A321,LEMD,LEBL,ECJDR,300,6:46:00,16,7:45:00,D,207.0,465.0,406.0,16.0,True,IBE,509.3,False,True,True,GPD CANDIDATE,555.0,90.0,0.0,90.0
VLG13JE,A321,LEBB,LEBL,ECMMU,280,7:02:00,10,7:45:00,D,207.0,465.0,422.0,10.0,True,VLG,373.4866666666667,False,True,True,GPD CANDIDATE,558.0,93.0,0.0,93.0
RYR38YM,B738,LIME,LEBL,9HQAL,350,6:33:00,10,7:45:00,D,184.0,465.0,393.0,10.0,True,RYR,767.3453333333333,False,True,True,GPD CANDIDATE,561.0,96.0,0.0,96.0
RYR39UM,B38M,EGPH,LEBL,9HVVI,370,5:32:00,12,7:50:00,D,189.0,470.0,332.0,12.0,True,RYR,1636.5506666666668,False,True,True,GPD CANDIDATE,564.0,94.0,0.0,94.0
VLG6MB,A321,LEIB,LEBL,ECMJR,180,7:06:00,10,7:50:00,D,207.0,470.0,426.0,10.0,True,VLG,387.06800000000004,False,True,True,GPD CANDIDATE,567.0,97.0,0.0,97.0
AAL112,B788,KMIA,LEBL,N803AL,410,0:09:00,25,7:50:00,B,266.0,470.0,9.0,25.0,False,AAL,6245.407,True,False,False,EXEMPT INTERNATIONAL,471.0,1.0,1.0,0.0
VLG5RJ,A320,LEXJ,LEBL,ECMEL,300,7:05:00,5,7:55:00,D,173.0,475.0,425.0,5.0,True,VLG,536.4626666666667,False,True,True,GPD CANDIDATE,573.0,98.0,0.0,98.0
VLG404P,A320,LFPO,LEBL,ECLVU,390,6:32:00,12,7:55:00,D,173.0,475.0,392.0,12.0,True,VLG,889.5773333333333,False,True,True,GPD CANDIDATE,576.0,101.0,0.0,101.0
WZZ3081,A21N,EPKK,LEBL,9HWAF,370,5:36:00,17,7:55:00,D,220.0,475.0,336.0,17.0,True,WZZ,1582.2253333333335,False,True,True,GPD CANDIDATE,579.0,104.0,0.0,104.0
EZY53KT,A319,EGGW,LEBL,GEZAN,330,6:20:00,14,8:00:00,D,144.0,480.0,380.0,14.0,True,EZY,1093.2973333333332,False,True,True,GPD CANDIDATE,582.0,102.0,0.0,102.0
CYP322,BCS3,LCLK,LEBL,5BDEF,380,4:10:00,10,8:00:00,D,145.0,480.0,250.0,10.0,True,CYP,2913.1960000000004,False,True,True,GPD CANDIDATE,588.0,108.0,0.0,108.0
VLG2009,A320,LICB,LEBL,ECMBS,360,6:17:00,7,8:00:00,D,173.0,480.0,377.0,7.0,True,VLG,1229.1106666666667,False,True,True,GPD CANDIDATE,591.0,111.0,0.0,111.0
EIN5HJ,A20N,EIDW,LEBL,EINSA,370,6:02:00,22,8:05:00,D,180.0,485.0,362.0,22.0,True,EIN,1297.0173333333332,False,True,True,GPD CANDIDATE,594.0,109.0,0.0,109.0
VLG77TL,A20N,LFLL,LEBL,ECNDA,290,7:12:00,9,8:05:00,D,180.0,485.0,432.0,9.0,True,VLG,522.8813333333334,False,True,True,GPD CANDIDATE,603.0,118.0,0.0,118.0
RYR64ZN,B738,LFOB,LEBL,EIEBF,370,6:55:00,15,8:05:00,D,184.0,485.0,415.0,15.0,True,RYR,672.2760000000001,False,True,True,GPD CANDIDATE,606.0,121.0,0.0,121.0
EXS73PU,B738,EGBB,LEBL,OMLEX,350,6:15:00,15,8:05:00,D,184.0,485.0,375.0,15.0,True,EXS,1215.5293333333334,False,True,True,GPD CANDIDATE,609.0,124.0,0.0,124.0
KLM87P,B739,EHAM,LEBL,PHBXS,390,6:30:00,17,8:10:00,D,183.0,490.0,390.0,17.0,True,KLM,1052.5533333333335,False,True,True,GPD CANDIDATE,612.0,122.0,0.0,122.0
NSZ4251,B738,ESSA,LEBL,SERXB,390,5:15:00,15,8:20:00,D,184.0,500.0,315.0,15.0,True,NSZ,2234.1293333333333,False,True,True,GPD CANDIDATE,615.0,115.0,0.0,115.0
VLG4NV,A320,LIPE,LEBL,ECMER,350,7:00:00,15,8:20:00,D,173.0,500.0,420.0,15.0,True,VLG,808.0893333333335,False,True,True,GPD CANDIDATE,618.0,118.0,0.0,118.0
VLG64RZ,A320,LEMH,LEBL,ECOFX,180,7:34:00,11,8:20:00,D,173.0,500.0,454.0,11.0,True,VLG,400.64933333333335,False,True,True,GPD CANDIDATE,621.0,121.0,0.0,121.0
THY90W,A333,LTFM,LEBL,TCJNJ,390,5:20:00,25,8:25:00,B,284.0,505.0,320.0,25.0,True,THY,2241.3830000000003,False,True,True,GPD CANDIDATE,624.0,119.0,0.0,119.0
RYR2246,B738,LIRF,LEBL,9HQEK,330,7:04:00,14,8:25:00,D,184.0,505.0,424.0,14.0,True,RYR,835.252,False,True,True,GPD CANDIDATE,627.0,122.0,0.0,122.0
EZY94BU,A320,EGPF,LEBL,GEZOK,370,6:05:00,1,8:25:00,D,173.0,505.0,365.0,1.0,True,EZY,1813.1080000000002,False,True,True,GPD CANDIDATE,630.0,125.0,0.0,125.0
WJA66,B38M,CYHZ,LEBL,CGEHF,380,1:30:00,10,8:25:00,D,189.0,505.0,90.0,10.0,False,WJA,5425.742666666667,True,False,False,EXEMPT INTERNATIONAL,507.0,2.0,2.0,0.0
VLG2485,A319,LESO,LEBL,ECMIQ,300,7:37:00,7,8:25:00,D,144.0,505.0,457.0,7.0,True,VLG,482.13733333333334,False,True,True,GPD CANDIDATE,633.0,128.0,0.0,128.0
JCO025M,GLEX,LGRP,LEBL,GIFMI,430,5:24:00,8,8:25:00,E,13.0,505.0,324.0,8.0,True,JCO,1654.4533333333334,False,True,True,GPD CANDIDATE,636.0,131.0,0.0,131.0
VLG2EE,A320,GCLP,LEBL,ECLLJ,380,5:42:00,14,8:25:00,D,173.0,505.0,342.0,14.0,True,VLG,1948.9213333333332,False,True,True,GPD CANDIDATE,639.0,134.0,0.0,134.0
VLG22YH,A20N,LIMJ,LEBL,ECNCU,330,7:29:00,11,8:30:00,D,180.0,510.0,449.0,11.0,True,VLG,604.3693333333334,False,True,True,GPD CANDIDATE,642.0,132.0,0.0,132.0
AAL192,B789,KDFW,LEBL,N826AN,410,22:48:00,18,8:30:00,B,284.0,510.0,1368.0,18.0,False,AAL,8102.345666666668,False,False,False,EXEMPT INTERNATIONAL,510.0,0.0,0.0,0.0
AHY045,A319,UBBB,LEBL,4KAZ03,370,3:00:00,10,8:30:00,D,144.0,510.0,180.0,10.0,True,AHY,4271.329333333333,True,False,False,EXEMPT AIRBORNE,513.0,3.0,3.0,0.0
VLG190W,A320,LEAS,LEBL,ECLOP,320,7:25:00,5,8:35:00,D,173.0,515.0,445.0,5.0,True,VLG,808.0893333333335,False,True,True,GPD CANDIDATE,648.0,133.0,0.0,133.0
VLG5ZF,A20N,LEIB,LEBL,ECNFK,180,7:46:00,10,8:35:00,D,180.0,515.0,466.0,10.0,True,VLG,454.97466666666674,False,True,True,GPD CANDIDATE,654.0,139.0,0.0,139.0
ITY074,A20N,LIRF,LEBL,EIHOM,350,7:14:00,11,8:35:00,D,180.0,515.0,434.0,11.0,True,ITY,875.9960000000001,False,True,True,GPD CANDIDATE,657.0,142.0,0.0,142.0
EZY68NR,A319,EGKK,LEBL,GEZFT,330,6:51:00,11,8:40:00,D,144.0,520.0,411.0,11.0,True,EZY,1256.2733333333335,False,True,True,GPD CANDIDATE,669.0,149.0,0.0,149.0
VLG6NA,A320,LEGR,LEBL,ECOFU,380,7:25:00,5,8:40:00,D,173.0,520.0,445.0,5.0,True,VLG,875.9960000000001,False,True,True,GPD CANDIDATE,672.0,152.0,0.0,152.0
RYR10NA,B738,EGNX,LEBL,9HQFK,370,6:55:00,10,8:40:00,D,184.0,520.0,415.0,10.0,True,RYR,1215.5293333333334,False,True,True,GPD CANDIDATE,675.0,155.0,0.0,155.0
VLG37RL,A320,LIRF,LEBL,ECOGE,340,7:21:00,15,8:45:00,D,173.0,525.0,441.0,15.0,True,VLG,862.4146666666668,False,True,True,GPD CANDIDATE,678.0,153.0,0.0,153.0
VLG1VM,A320,LMML,LEBL,ECKDX,360,6:56:00,8,8:45:00,D,173.0,525.0,416.0,8.0,True,VLG,1297.0173333333332,False,True,True,GPD CANDIDATE,681.0,156.0,0.0,156.0
VLG9ML,A320,LFPG,LEBL,ECNUP,370,7:30:00,11,8:45:00,D,173.0,525.0,450.0,11.0,True,VLG,794.508,False,True,True,GPD CANDIDATE,684.0,159.0,0.0,159.0
VLG29BB,A321,LEMG,LEBL,ECNLY,340,7:26:00,11,8:50:00,D,207.0,530.0,446.0,11.0,True,VLG,916.74,False,True,True,GPD CANDIDATE,687.0,157.0,0.0,157.0
DLH77T,A321,EDDM,LEBL,DAIDX,350,7:16:00,11,8:50:00,D,207.0,530.0,436.0,11.0,True,DLH,1052.5533333333335,False,True,True,GPD CANDIDATE,690.0,160.0,0.0,160.0
VLG52FK,A320,GCXO,LEBL,ECJTQ,380,6:10:00,4,8:50:00,D,173.0,530.0,370.0,4.0,True,VLG,2043.9906666666668,False,True,True,GPD CANDIDATE,693.0,163.0,0.0,163.0
VLG2JJ,A320,LDSP,LEBL,ECMJB,370,7:08:00,8,8:55:00,D,173.0,535.0,428.0,8.0,True,VLG,1269.8546666666666,False,True,True,GPD CANDIDATE,699.0,164.0,0.0,164.0
RYR4LV,B738,ELLX,LEBL,9HQEW,370,7:35:00,15,8:55:00,D,184.0,535.0,455.0,15.0,True,RYR,808.0893333333335,False,True,True,GPD CANDIDATE,702.0,167.0,0.0,167.0
VLG3DQ,A320,LSZH,LEBL,ECLVV,330,7:46:00,11,8:55:00,D,173.0,535.0,466.0,11.0,True,VLG,713.02,False,True,True,GPD CANDIDATE,711.0,176.0,0.0,176.0
VLG7BN,A321,LSGG,LEBL,ECMHS,330,7:55:00,10,8:55:00,D,207.0,535.0,475.0,10.0,True,VLG,604.3693333333334,False,True,True,GPD CANDIDATE,714.0,179.0,0.0,179.0
VLG48RF,A321,LFRS,LEBL,ECMHB,330,7:50:00,10,9:00:00,D,207.0,540.0,470.0,10.0,True,VLG,740.1826666666667,False,True,True,GPD CANDIDATE,726.0,186.0,0.0,186.0
AEE710,A21N,LGAV,LEBL,SXNAK,340,6:26:00,12,9:00:00,D,220.0,540.0,386.0,12.0,True,AEE,1853.852,False,True,True,GPD CANDIDATE,729.0,189.0,0.0,189.0
AFR44HZ,A321,LFPG,LEBL,FGTAQ,370,7:45:00,23,9:00:00,D,207.0,540.0,465.0,23.0,True,AFR,631.532,False,True,True,GPD CANDIDATE,732.0,192.0,0.0,192.0
VLG78TV,A321,LIPZ,LEBL,ECMGZ,350,7:45:00,11,9:05:00,D,207.0,545.0,465.0,11.0,True,VLG,862.4146666666668,False,True,True,GPD CANDIDATE,735.0,190.0,0.0,190.0
TAP1030,A321,LPPT,LEBL,LYWSA,360,7:24:00,19,9:05:00,D,207.0,545.0,444.0,19.0,True,TAP,1038.972,False,True,True,GPD CANDIDATE,738.0,193.0,0.0,193.0
AAL40,B788,KORD,LEBL,N870AX,410,1:17:00,37,9:10:00,B,266.0,550.0,77.0,37.0,False,AAL,6245.407,True,False,False,EXEMPT INTERNATIONAL,552.0,2.0,2.0,0.0
EJU61VN,A319,LFSB,LEBL,OELKC,330,7:54:00,11,9:10:00,D,144.0,550.0,474.0,11.0,True,EJU,808.0893333333335,False,True,True,GPD CANDIDATE,741.0,191.0,0.0,191.0
VLG2MC,A320,LEMH,LEBL,ECOKH,180,8:49:00,10,9:10:00,D,173.0,550.0,529.0,10.0,True,VLG,74.69733333333333,False,True,True,GPD CANDIDATE,744.0,194.0,0.0,194.0
RYR72PP,B738,LICJ,LEBL,9HQBM,380,7:42:00,12,9:15:00,D,184.0,555.0,462.0,12.0,True,RYR,1025.3906666666667,False,True,True,GPD CANDIDATE,756.0,201.0,0.0,201.0
QQE256,GLF6,LFMN,LEBL,A7CGG,270,8:02:00,12,9:15:00,E,15.0,555.0,482.0,12.0,True,QQE,548.192,False,True,True,GPD CANDIDATE,759.0,204.0,0.0,204.0
AEA56GM,B738,LEPA,LEBL,ECLQX,180,8:35:00,17,9:15:00,D,184.0,555.0,515.0,17.0,True,AEA,237.67333333333337,False,True,True,GPD CANDIDATE,765.0,210.0,0.0,210.0
EXS69VT,B738,EGCC,LEBL,GJZHX,390,7:29:00,18,9:15:00,D,184.0,555.0,449.0,18.0,True,EXS,1120.46,False,True,True,GPD CANDIDATE,768.0,213.0,0.0,213.0
RYR6SU,B38M,EICK,LEBL,EIIJM,390,7:15:00,10,9:20:00,D,189.0,560.0,435.0,10.0,True,RYR,1487.1560000000002,False,True,True,GPD CANDIDATE,771.0,211.0,0.0,211.0
VLG33BZ,A320,LPPR,LEBL,ECMAH,320,8:02:00,10,9:20:00,D,173.0,560.0,482.0,10.0,True,VLG,848.8333333333335,False,True,True,GPD CANDIDATE,774.0,214.0,0.0,214.0
VLG8GA,A320,LFPO,LEBL,ECMCU,370,8:12:00,13,9:20:00,D,173.0,560.0,492.0,13.0,True,VLG,672.2760000000001,False,True,True,GPD CANDIDATE,782.7273,222.7273,0.0,222.7273
BEL8DL,A320,EBBR,LEBL,OOTCH,390,7:52:00,12,9:20:00,D,173.0,560.0,472.0,12.0,True,BEL,957.484,False,True,True,GPD CANDIDATE,784.0909,224.09090000000003,0.0,224.09090000000003
VLG7GX,A321,EBBR,LEBL,ECNLX,370,7:56:00,11,9:25:00,D,207.0,565.0,476.0,11.0,True,VLG,984.6466666666666,False,True,True,GPD CANDIDATE,785.4545,220.45450000000005,0.0,220.45450000000005
DLH39X,A321,EDDF,LEBL,DAISV,370,8:04:00,14,9:30:00,D,207.0,570.0,484.0,14.0,True,DLH,903.1586666666667,False,True,True,GPD CANDIDATE,786.8182,216.81820000000005,0.0,216.81820000000005
VLG4MW,A321,LECO,LEBL,ECMHA,320,8:11:00,6,9:30:00,D,207.0,570.0,491.0,6.0,True,VLG,916.74,False,True,True,GPD CANDIDATE,788.1818,218.18179999999995,0.0,218.18179999999995
IBE26BT,A332,KBOS,LEBL,ECNRG,410,3:19:00,19,9:30:00,B,281.0,570.0,199.0,19.0,False,IBE,5026.791,True,False,False,EXEMPT INTERNATIONAL,570.0,0.0,0.0,0.0
VLG1869,A320,EDDS,LEBL,ECKHN,370,8:16:00,11,9:35:00,D,173.0,575.0,496.0,11.0,True,VLG,848.8333333333335,False,True,True,GPD CANDIDATE,789.5455,214.54549999999995,0.0,214.54549999999995
TVF12YC,A20N,LFPO,LEBL,FHXSB,370,8:12:00,7,9:35:00,D,180.0,575.0,492.0,7.0,True,TVF,957.484,False,True,True,GPD CANDIDATE,790.9091,215.90909999999997,0.0,215.90909999999997
VLG2TP,A321,LIRN,LEBL,ECMPV,340,8:14:00,9,9:40:00,D,207.0,580.0,494.0,9.0,True,VLG,971.0653333333335,False,True,True,GPD CANDIDATE,792.2727,212.2727,0.0,212.2727
DAL168,A333,KJFK,LEBL,N810NW,390,2:25:00,30,9:45:00,B,284.0,585.0,145.0,30.0,False,DAL,5868.216333333333,True,False,False,EXEMPT INTERNATIONAL,585.0,0.0,0.0,0.0
VLG3AW,A320,LEST,LEBL,ECMAN,320,8:15:00,15,9:45:00,D,173.0,585.0,495.0,15.0,True,VLG,943.9026666666667,False,True,True,GPD CANDIDATE,793.6364,208.63639999999998,0.0,208.63639999999998
VLG41QL,A321,LDDU,LEBL,ECMQL,340,7:59:00,9,9:50:00,D,207.0,590.0,479.0,9.0,True,VLG,1310.5986666666668,False,True,True,GPD CANDIDATE,795.0,205.0,0.0,205.0
VLG68LU,A319,LIRQ,LEBL,ECMKV,350,8:35:00,20,9:50:00,D,144.0,590.0,515.0,20.0,True,VLG,672.2760000000001,False,True,True,GPD CANDIDATE,796.3636,206.36360000000002,0.0,206.36360000000002
RYR74XY,B738,EBBR,LEBL,EIDCJ,370,8:19:00,13,9:50:00,D,184.0,590.0,499.0,13.0,True,RYR,984.6466666666666,False,True,True,GPD CANDIDATE,797.7273,207.7273,0.0,207.7273
VLG2EQ,A20N,EKCH,LEBL,ECNCS,390,7:25:00,10,9:50:00,D,180.0,590.0,445.0,10.0,True,VLG,1758.7826666666667,False,True,True,GPD CANDIDATE,799.0909,209.09090000000003,0.0,209.09090000000003
BAW484C,A319,EGLL,LEBL,GEUOE,350,8:27:00,27,9:50:00,D,144.0,590.0,507.0,27.0,True,BAW,685.8573333333334,False,True,True,GPD CANDIDATE,800.4545,210.45450000000005,0.0,210.45450000000005
WMT3025,A21N,LIMC,LEBL,9HWNI,330,8:51:00,16,9:55:00,D,220.0,595.0,531.0,16.0,True,WMT,577.2066666666667,False,True,True,GPD CANDIDATE,801.8182,206.81820000000005,0.0,206.81820000000005
VLG8SD,A320,LEBB,LEBL,ECJYX,300,8:57:00,10,9:55:00,D,173.0,595.0,537.0,10.0,True,VLG,577.2066666666667,False,True,True,GPD CANDIDATE,803.1818,208.18179999999995,0.0,208.18179999999995
WJA8,B789,CYYC,LEBL,CGKKN,410,1:10:00,10,9:55:00,B,284.0,595.0,70.0,10.0,False,WJA,7391.486333333334,True,False,False,EXEMPT INTERNATIONAL,597.0,2.0,2.0,0.0
NMA7800,A320,HELX,LEBL,SUNMH,340,5:35:00,5,10:00:00,D,173.0,600.0,335.0,5.0,False,NMA,3456.4493333333335,False,False,False,EXEMPT INTERNATIONAL,600.0,0.0,0.0,0.0
RYR588Q,B738,LIPE,LEBL,EIENP,350,8:40:00,15,10:00:00,D,184.0,600.0,520.0,15.0,True,RYR,808.0893333333335,False,True,True,GPD CANDIDATE,804.5455,204.54549999999995,0.0,204.54549999999995
EJU96WZ,A319,EGKK,LEBL,OELQU,350,8:39:00,13,10:10:00,D,144.0,610.0,519.0,13.0,True,EJU,984.6466666666666,False,True,True,GPD CANDIDATE,805.9091,195.90909999999997,0.0,195.90909999999997
VLG6JG,A320,LEZL,LEBL,ECMYB,340,9:09:00,10,10:15:00,D,173.0,615.0,549.0,10.0,True,VLG,685.8573333333334,False,True,True,GPD CANDIDATE,807.2727,192.2727,0.0,192.2727
AAO14,E50P,LEGE,LEBL,OKVAN,100,9:59:00,9,10:15:00,F,5.0,615.0,599.0,9.0,True,AAO,6.945,False,True,True,GPD CANDIDATE,808.6364,193.63639999999998,0.0,193.63639999999998
LOT437,B738,EPWA,LEBL,SPLWD,380,7:35:00,15,10:15:00,D,184.0,615.0,455.0,15.0,True,LOT,1894.5960000000002,False,True,True,GPD CANDIDATE,810.0,195.0,0.0,195.0
JFA99X,PC24,LSZA,LEBL,LXZAP,310,9:05:00,5,10:15:00,F,8.0,615.0,545.0,5.0,True,JFA,275.485,False,True,True,GPD CANDIDATE,811.3636,196.36360000000002,0.0,196.36360000000002
KLM41H,B738,EHAM,LEBL,PHBXF,390,8:38:00,15,10:20:00,D,184.0,620.0,518.0,15.0,True,KLM,1106.878666666667,False,True,True,GPD CANDIDATE,812.7273,192.7273,0.0,192.7273
AXE8108,B733,LIRQ,LEBL,LYCHF,350,9:23:00,20,10:20:00,E,142.0,620.0,563.0,20.0,True,AXE,311.136,False,True,True,GPD CANDIDATE,814.0909,194.09090000000003,0.0,194.09090000000003
DLH51F,A320,EDDM,LEBL,DAIUE,370,9:00:00,12,10:25:00,D,173.0,625.0,540.0,12.0,True,DLH,916.74,False,True,True,GPD CANDIDATE,816.8182,191.81820000000005,0.0,191.81820000000005
AXY632K,CRJ2,LFMN,LEBL,9HYOU,270,9:29:00,14,10:25:00,E,49.0,625.0,569.0,14.0,True,AXY,360.5226666666667,False,True,True,GPD CANDIDATE,818.1818,193.18179999999995,0.0,193.18179999999995
PGT1ZF,A21N,LTFJ,LEBL,TCRBL,330,7:20:00,15,10:25:00,D,220.0,625.0,440.0,15.0,True,PGT,2234.1293333333333,False,True,True,GPD CANDIDATE,819.5455,194.54549999999995,0.0,194.54549999999995
RYR4QJ,B738,LIME,LEBL,EIEMA,310,9:26:00,13,10:25:00,D,184.0,625.0,566.0,13.0,True,RYR,550.044,False,True,True,GPD CANDIDATE,820.9091,195.90909999999997,0.0,195.90909999999997
EJU86QA,A319,EGGD,LEBL,OELQQ,390,9:04:00,9,10:35:00,D,144.0,635.0,544.0,9.0,True,EJU,1038.972,False,True,True,GPD CANDIDATE,822.2727,187.2727,0.0,187.2727
VLG5HA,A320,EHAM,LEBL,ECKDX,370,8:42:00,10,10:35:00,D,173.0,635.0,522.0,10.0,True,VLG,1324.18,False,True,True,GPD CANDIDATE,823.6364,188.63639999999998,0.0,188.63639999999998
IBE2630,A332,KMIA,LEBL,ECOHY,400,1:55:00,10,10:45:00,B,281.0,645.0,115.0,10.0,False,IBE,7464.022999999999,True,False,False,EXEMPT INTERNATIONAL,645.0,0.0,0.0,0.0
IBE04YZ,A321,LEMD,LEBL,ECJDM,260,9:57:00,15,10:45:00,D,207.0,645.0,597.0,15.0,True,IBE,373.4866666666667,False,True,True,GPD CANDIDATE,825.0,180.0,0.0,180.0
VLG141P,A320,LEIB,LEBL,ECMBE,180,10:06:00,7,10:50:00,D,173.0,650.0,606.0,7.0,True,VLG,427.812,False,True,True,GPD CANDIDATE,826.3636,176.36360000000002,0.0,176.36360000000002
VLG71PG,A320,EGKK,LEBL,ECMES,350,8:29:00,19,10:50:00,D,173.0,650.0,509.0,19.0,True,VLG,1582.2253333333335,False,True,True,GPD CANDIDATE,827.7273,177.7273,0.0,177.7273
VLG55UB,A21N,EDDM,LEBL,ECNYE,350,9:23:00,13,10:50:00,D,220.0,650.0,563.0,13.0,True,VLG,930.3213333333333,False,True,True,GPD CANDIDATE,829.0909,179.09090000000003,0.0,179.09090000000003
IBE26MK,A339,KJFK,LEBL,CSTKH,400,4:10:00,30,10:50:00,B,288.0,650.0,250.0,30.0,False,IBE,5287.923000000001,False,False,False,EXEMPT INTERNATIONAL,651.0,1.0,1.0,0.0
RYR29LL,B738,EPGD,LEBL,EIDPI,380,8:23:00,14,10:55:00,D,184.0,655.0,503.0,14.0,True,RYR,1799.5266666666669,False,True,True,GPD CANDIDATE,830.4545,175.45450000000005,0.0,175.45450000000005
DLH76E,A20N,EDDF,LEBL,DAINJ,390,9:16:00,16,10:55:00,D,180.0,655.0,556.0,16.0,True,DLH,1052.5533333333335,False,True,True,GPD CANDIDATE,831.8182,176.81820000000005,0.0,176.81820000000005
TSC260,A21N,CYUL,LEBL,CGOKG,360,3:55:00,10,11:00:00,D,220.0,660.0,235.0,10.0,False,TSC,5561.5560000000005,False,False,False,EXEMPT INTERNATIONAL,660.0,0.0,0.0,0.0
VLG2DY,A320,LPPT,LEBL,ECOJH,380,9:01:00,15,11:00:00,D,173.0,660.0,541.0,15.0,True,VLG,1337.7613333333334,False,True,True,GPD CANDIDATE,833.1818,173.18179999999995,0.0,173.18179999999995
VLG7BQ,A321,LGAV,LEBL,ECNLV,340,8:16:00,11,11:00:00,D,207.0,660.0,496.0,11.0,True,VLG,2003.246666666667,False,True,True,GPD CANDIDATE,834.5455,174.54549999999995,0.0,174.54549999999995
KAC135,A338,OKKK,LEBL,9KAPF,400,5:05:00,10,11:00:00,B,250.0,660.0,305.0,10.0,False,KAC,4925.239666666666,False,False,False,EXEMPT INTERNATIONAL,663.0,3.0,3.0,0.0
VLG87JF,A321,EIDW,LEBL,ECMGY,350,8:55:00,2,11:05:00,D,207.0,665.0,535.0,2.0,True,VLG,1663.7133333333334,False,True,True,GPD CANDIDATE,835.9091,170.90909999999997,0.0,170.90909999999997
RYR7MW,B738,GMTT,LEBL,EIENG,380,9:50:00,15,11:05:00,D,184.0,665.0,590.0,15.0,False,RYR,740.1826666666667,False,True,False,EXEMPT INTERNATIONAL,666.0,1.0,1.0,0.0
VLG93NJ,A320,LKPR,LEBL,ECLVO,370,9:16:00,17,11:10:00,D,173.0,670.0,556.0,17.0,True,VLG,1242.692,False,True,True,GPD CANDIDATE,837.2727,167.2727,0.0,167.2727
VLG6109,A320,LIRF,LEBL,ECMFN,340,10:01:00,16,11:10:00,D,173.0,670.0,601.0,16.0,True,VLG,645.1133333333333,False,True,True,GPD CANDIDATE,838.6364,168.63639999999998,0.0,168.63639999999998
RZO506,A20N,LPPD,LEBL,CSTSK,390,7:59:00,9,11:10:00,D,180.0,670.0,479.0,9.0,True,RZO,2397.105333333334,False,True,True,GPD CANDIDATE,840.0,170.0,0.0,170.0
VLG996B,A320,GCLP,LEBL,ECLAB,380,8:22:00,14,11:15:00,D,173.0,675.0,502.0,14.0,True,VLG,2084.7346666666663,False,True,True,GPD CANDIDATE,841.3636,166.36360000000002,0.0,166.36360000000002
BAW474K,A20N,EGLL,LEBL,GTTNT,350,9:49:00,23,11:15:00,D,180.0,675.0,589.0,23.0,True,BAW,780.9266666666667,False,True,True,GPD CANDIDATE,842.7273,167.7273,0.0,167.7273
THY8XM,A321,LTFM,LEBL,TCJSC,360,8:26:00,20,11:20:00,D,207.0,680.0,506.0,20.0,True,THY,2016.8280000000002,False,True,True,GPD CANDIDATE,844.0909,164.09090000000003,0.0,164.09090000000003
VLG7UA,A320,EGLL,LEBL,ECODM,350,9:11:00,27,11:20:00,D,173.0,680.0,551.0,27.0,True,VLG,1310.5986666666668,False,True,True,GPD CANDIDATE,845.4545,165.45450000000005,0.0,165.45450000000005
VLG985G,A321,EDDH,LEBL,ECMLM,350,9:30:00,10,11:25:00,D,207.0,685.0,570.0,10.0,True,VLG,1351.342666666667,False,True,True,GPD CANDIDATE,846.8182,161.81820000000005,0.0,161.81820000000005
BTI9TZ,BCS3,EVRA,LEBL,YLABX,380,8:19:00,10,11:30:00,D,145.0,690.0,499.0,10.0,True,BTI,2383.5240000000003,False,True,True,GPD CANDIDATE,848.1818,158.18179999999995,0.0,158.18179999999995
SXS6E,B38M,LTBJ,LEBL,TCSMN,380,8:43:00,10,11:30:00,D,189.0,690.0,523.0,10.0,True,SXS,2057.572,False,True,True,GPD CANDIDATE,849.5455,159.54549999999995,0.0,159.54549999999995
VLG98ZH,A320,LFPO,LEBL,ECMAO,390,10:13:00,11,11:30:00,D,173.0,690.0,613.0,11.0,True,VLG,821.6706666666666,False,True,True,GPD CANDIDATE,850.9091,160.90909999999997,0.0,160.90909999999997
TRA73A,B738,EHRD,LEBL,PHHXB,390,9:50:00,10,11:35:00,D,184.0,695.0,590.0,10.0,True,TRA,1215.5293333333334,False,True,True,GPD CANDIDATE,852.2727,157.2727,0.0,157.2727
UAE256,B77L,MMMX,LEBL,A6EWG,390,0:55:00,10,11:35:00,B,317.0,695.0,55.0,10.0,False,UAE,9059.829666666668,True,False,False,EXEMPT INTERNATIONAL,696.0,1.0,1.0,0.0
ANE70RM,CRJX,LEBZ,LEBL,ECMLN,340,10:35:00,5,11:40:00,E,100.0,700.0,635.0,5.0,True,ANE,538.3146666666668,False,True,True,GPD CANDIDATE,853.6364,153.63639999999998,0.0,153.63639999999998
NJE451B,E55P,LEMG,LEBL,CSPJC,340,10:30:00,10,11:45:00,F,8.0,705.0,630.0,10.0,True,NJE,275.485,False,True,True,GPD CANDIDATE,855.0,150.0,0.0,150.0
UAL769,B788,KORD,LEBL,N20904,410,2:59:00,24,11:45:00,B,266.0,705.0,179.0,24.0,False,UAL,7202.8910000000005,True,False,False,EXEMPT INTERNATIONAL,705.0,0.0,0.0,0.0
UAE185,A388,OMDB,LEBL,A6EOT,400,4:25:00,10,11:45:00,A,492.0,705.0,265.0,10.0,False,UAE,6289.392000000001,False,False,False,EXEMPT INTERNATIONAL,708.0,3.0,3.0,0.0
VLG4SQ,A320,EGKK,LEBL,ECMXP,370,10:17:00,18,11:50:00,D,173.0,710.0,617.0,18.0,True,VLG,943.9026666666667,False,True,True,GPD CANDIDATE,856.3636,146.36360000000002,0.0,146.36360000000002
VLG2915,A20N,LFBD,LEBL,ECNFK,330,11:13:00,11,11:50:00,D,180.0,710.0,673.0,11.0,True,VLG,278.4173333333334,False,True,True,GPD CANDIDATE,857.7273,147.7273,0.0,147.7273
RYR9DX,B738,GCXO,LEBL,EIENF,380,8:54:00,4,11:55:00,D,184.0,715.0,534.0,4.0,True,RYR,2329.198666666667,False,True,True,GPD CANDIDATE,859.0909,144.09090000000003,0.0,144.09090000000003
UAL672,B772,KSFO,LEBL,N218UA,390,1:05:00,25,11:55:00,B,296.0,715.0,65.0,25.0,False,UAL,8987.293,True,False,False,EXEMPT INTERNATIONAL,717.0,2.0,2.0,0.0
VLG7339,A320,GMMI,LEBL,ECKDG,380,10:00:00,15,11:55:00,D,173.0,715.0,600.0,15.0,False,VLG,1283.4360000000001,False,True,False,EXEMPT INTERNATIONAL,720.0,5.0,5.0,0.0
RYR64VP,B738,LPPR,LEBL,EIEVT,320,10:25:00,15,12:00:00,D,184.0,720.0,625.0,15.0,True,RYR,1011.8093333333335,False,True,True,GPD CANDIDATE,860.4545,140.45450000000005,0.0,140.45450000000005
MAC375P,A320,GMMW,LEBL,CNNML,380,10:38:00,10,12:00:00,D,173.0,720.0,638.0,10.0,False,MAC,903.1586666666667,False,True,False,EXEMPT INTERNATIONAL,723.0,3.0,3.0,0.0
BEL9QH,A320,EBBR,LEBL,OOSNK,370,10:31:00,10,12:00:00,D,173.0,720.0,631.0,10.0,True,BEL,998.2280000000001,False,True,True,GPD CANDIDATE,861.8182,141.81820000000005,0.0,141.81820000000005
VLG9EK,A321,GCRR,LEBL,ECMMH,360,9:38:00,10,12:00:00,D,207.0,720.0,578.0,10.0,True,VLG,1718.0386666666668,False,True,True,GPD CANDIDATE,863.1818,143.18179999999995,0.0,143.18179999999995
VLG84YN,A321,LFPO,LEBL,ECMQB,330,10:44:00,8,12:05:00,D,207.0,725.0,644.0,8.0,True,VLG,916.74,False,True,True,GPD CANDIDATE,864.5455,139.54549999999995,0.0,139.54549999999995
RYR33UV,B738,LPPR,LEBL,EIDCW,320,10:30:00,15,12:05:00,D,184.0,725.0,630.0,15.0,True,RYR,1011.8093333333335,False,True,True,GPD CANDIDATE,865.9091,140.90909999999997,0.0,140.90909999999997
EJU91VG,A319,LSGG,LEBL,OELVG,290,11:05:00,10,12:05:00,D,144.0,725.0,665.0,10.0,True,EJU,604.3693333333334,False,True,True,GPD CANDIDATE,867.2727,142.2727,0.0,142.2727
IBE04BV,A321,LEMD,LEBL,ECJDR,280,11:11:00,16,12:10:00,D,207.0,730.0,671.0,16.0,True,IBE,509.3,False,True,True,GPD CANDIDATE,868.6364,138.63639999999998,0.0,138.63639999999998
RYR36EW,B738,LEPA,LEBL,9HQFK,180,11:37:00,17,12:10:00,D,184.0,730.0,697.0,17.0,True,RYR,142.604,False,True,True,GPD CANDIDATE,870.0,140.0,0.0,140.0
RYR37AR,B738,LEAL,LEBL,EIDLD,260,11:13:00,13,12:10:00,D,184.0,730.0,673.0,13.0,True,RYR,522.8813333333334,False,True,True,GPD CANDIDATE,871.3636,141.36360000000002,0.0,141.36360000000002
VLG9UZ,A21N,GCLP,LEBL,ECNYF,340,9:17:00,14,12:15:00,D,220.0,735.0,557.0,14.0,True,VLG,2152.6413333333335,False,True,True,GPD CANDIDATE,872.7273,137.7273,0.0,137.7273
WMT8097,A320,LRCL,LEBL,9HWDA,370,9:40:00,10,12:15:00,D,173.0,735.0,580.0,10.0,True,WMT,1894.5960000000002,False,True,True,GPD CANDIDATE,874.0909,139.09090000000003,0.0,139.09090000000003
VLG584F,A320,LEMG,LEBL,ECNUO,320,11:08:00,11,12:20:00,D,173.0,740.0,668.0,11.0,True,VLG,753.764,False,True,True,GPD CANDIDATE,875.4545,135.45450000000005,0.0,135.45450000000005
QTR25Q,B789,OTHH,LEBL,A7BHW,380,6:05:00,10,12:25:00,B,284.0,745.0,365.0,10.0,False,QTR,5287.923000000001,False,False,False,EXEMPT INTERNATIONAL,747.0,2.0,2.0,0.0
VLG93TY,A321,LIRF,LEBL,ECMLD,341,11:03:00,15,12:25:00,D,207.0,745.0,663.0,15.0,True,VLG,835.252,False,True,True,GPD CANDIDATE,876.8182,131.81820000000005,0.0,131.81820000000005
RAM964Y,B738,GMMN,LEBL,CNRGW,380,10:30:00,16,12:25:00,D,184.0,745.0,630.0,16.0,False,RAM,1269.8546666666666,False,True,False,EXEMPT INTERNATIONAL,750.0,5.0,5.0,0.0
RYR895N,B738,GMMX,LEBL,EIDCN,380,10:39:00,15,12:25:00,D,184.0,745.0,639.0,15.0,False,RYR,1161.204,False,True,False,EXEMPT INTERNATIONAL,753.0,8.0,8.0,0.0
VLG10LL,A20N,LEPA,LEBL,ECNBA,180,12:00:00,20,12:30:00,D,180.0,750.0,720.0,20.0,True,VLG,61.116,False,True,True,GPD CANDIDATE,878.1818,128.18179999999995,0.0,128.18179999999995
VLG9VN,A321,GCXO,LEBL,ECMOO,360,9:38:00,8,12:30:00,D,207.0,750.0,578.0,8.0,True,VLG,2152.6413333333335,False,True,True,GPD CANDIDATE,879.5455,129.54549999999995,0.0,129.54549999999995
PVA839P,GLEX,LFMN,LEBL,N551SW,290,11:32:00,12,12:30:00,E,13.0,750.0,692.0,12.0,True,PVA,400.03200000000004,False,True,True,GPD CANDIDATE,880.9091,130.90909999999997,0.0,130.90909999999997
VLG1HW,A320,GCFV,LEBL,ECKDH,380,9:48:00,10,12:35:00,D,173.0,755.0,588.0,10.0,True,VLG,2057.572,False,True,True,GPD CANDIDATE,882.2727,127.27269999999999,0.0,127.27269999999999
VLG4DX,A320,ESSA,LEBL,ECMKN,370,9:40:00,15,12:35:00,D,173.0,755.0,580.0,15.0,True,VLG,2098.3160000000003,False,True,True,GPD CANDIDATE,883.6364,128.63639999999998,0.0,128.63639999999998
VLG60GG,A320,EGBB,LEBL,ECMAI,390,11:07:00,12,12:35:00,D,173.0,755.0,667.0,12.0,True,VLG,957.484,False,True,True,GPD CANDIDATE,886.3636,131.36360000000002,0.0,131.36360000000002
VTB788,C650,BKPR,LEBL,HAJEM,390,10:23:00,5,12:40:00,F,8.0,760.0,623.0,5.0,False,VTB,585.695,False,True,False,EXEMPT INTERNATIONAL,762.0,2.0,2.0,0.0
RYR31UE,B38M,LEIB,LEBL,EIIJM,240,11:45:00,12,12:40:00,D,189.0,760.0,705.0,12.0,True,RYR,509.3,False,True,True,GPD CANDIDATE,887.7273,127.72730000000001,0.0,127.72730000000001
VLG8JV,A320,LFPG,LEBL,ECODN,310,11:29:00,24,12:45:00,D,173.0,765.0,689.0,24.0,True,VLG,631.532,False,True,True,GPD CANDIDATE,889.0909,124.09090000000003,0.0,124.09090000000003
VLG98EE,A320,LSGG,LEBL,ECMER,330,11:45:00,10,12:45:00,D,173.0,765.0,705.0,10.0,True,VLG,604.3693333333334,False,True,True,GPD CANDIDATE,890.4545,125.45450000000005,0.0,125.45450000000005
SWR87C,A321,LSZH,LEBL,HBIOD,330,11:31:00,14,12:45:00,D,207.0,765.0,691.0,14.0,True,SWR,740.1826666666667,False,True,True,GPD CANDIDATE,891.8182,126.81820000000005,0.0,126.81820000000005
RYR42EB,B738,EGGD,LEBL,EIDYX,370,11:20:00,15,12:45:00,D,184.0,765.0,680.0,15.0,True,RYR,875.9960000000001,False,True,True,GPD CANDIDATE,893.1818,128.18179999999995,0.0,128.18179999999995
VLG7HG,A320,LEAL,LEBL,ECOGE,260,11:48:00,13,12:50:00,D,173.0,770.0,708.0,13.0,True,VLG,590.788,False,True,True,GPD CANDIDATE,894.5455,124.54549999999995,0.0,124.54549999999995
EJU38KP,A20N,LPPT,LEBL,OELSQ,380,10:58:00,18,12:50:00,D,180.0,770.0,658.0,18.0,True,EJU,1201.948,False,True,True,GPD CANDIDATE,895.9091,125.90909999999997,0.0,125.90909999999997
NSZ5527,B738,ENBR,LEBL,SERPE,390,10:09:00,9,12:50:00,D,184.0,770.0,609.0,9.0,True,NSZ,1989.6653333333338,False,True,True,GPD CANDIDATE,897.2727,127.27269999999999,0.0,127.27269999999999
VLG70CR,A320,LEZL,LEBL,ECOFH,340,11:34:00,10,12:55:00,D,173.0,775.0,694.0,10.0,True,VLG,889.5773333333333,False,True,True,GPD CANDIDATE,898.6364,123.63639999999998,0.0,123.63639999999998
SVA229,A333,OEJN,LEBL,HZAQ11,380,7:30:00,0,12:55:00,B,284.0,775.0,450.0,0.0,False,SVA,4635.093,False,False,False,EXEMPT INTERNATIONAL,777.0,2.0,2.0,0.0
MSR767,A21N,HECA,LEBL,SUGFU,360,9:15:00,15,12:55:00,D,220.0,775.0,555.0,15.0,False,MSR,2709.476,False,True,False,EXEMPT INTERNATIONAL,780.0,5.0,5.0,0.0
DLH04P,A20N,EDDM,LEBL,DAINO,390,11:27:00,11,12:55:00,D,180.0,775.0,687.0,11.0,True,DLH,971.0653333333335,False,True,True,GPD CANDIDATE,900.0,125.0,0.0,125.0
RJA107,A20N,OJAI,LEBL,JYRAH,370,8:35:00,10,13:00:00,D,180.0,780.0,515.0,10.0,False,RJA,3388.5426666666667,False,False,False,EXEMPT INTERNATIONAL,781.3636,1.3636000000000195,1.3636000000000195,0.0
WZZ2JK,A320,EPKT,LEBL,HALWU,380,10:40:00,10,13:00:00,D,173.0,780.0,640.0,10.0,True,WZZ,1690.8760000000002,False,True,True,GPD CANDIDATE,901.3636,121.36360000000002,0.0,121.36360000000002
VLG2PL,A320,LEMG,LEBL,ECOJF,360,11:36:00,16,13:00:00,D,173.0,780.0,696.0,16.0,True,VLG,848.8333333333335,False,True,True,GPD CANDIDATE,902.7273,122.72730000000001,0.0,122.72730000000001
AEA41FY,B738,LEPA,LEBL,ECLQX,180,11:56:00,17,13:00:00,D,184.0,780.0,716.0,17.0,True,AEA,563.6253333333333,False,True,True,GPD CANDIDATE,904.0909,124.09090000000003,0.0,124.09090000000003
WMT523,A321,LROP,LEBL,HALXQ,350,10:33:00,10,13:05:00,D,207.0,785.0,633.0,10.0,True,WMT,1853.852,False,True,True,GPD CANDIDATE,906.8182,121.81820000000005,0.0,121.81820000000005
VLG7NU,A321,LEGR,LEBL,ECNLY,340,12:00:00,5,13:05:00,D,207.0,785.0,720.0,5.0,True,VLG,740.1826666666667,False,True,True,GPD CANDIDATE,908.1818,123.18179999999995,0.0,123.18179999999995
EWG2U,A319,EDDS,LEBL,DABGN,350,11:43:00,8,13:10:00,D,144.0,790.0,703.0,8.0,True,EWG,998.2280000000001,False,True,True,GPD CANDIDATE,909.5455,119.54549999999995,0.0,119.54549999999995
WMT227,A21N,LIPZ,LEBL,9HWNX,350,11:41:00,11,13:10:00,D,220.0,790.0,701.0,11.0,True,WMT,984.6466666666666,False,True,True,GPD CANDIDATE,910.9091,120.90909999999997,0.0,120.90909999999997
VLG52RX,A20N,LFPO,LEBL,ECNCU,390,11:56:00,8,13:15:00,D,180.0,795.0,716.0,8.0,True,VLG,889.5773333333333,False,True,True,GPD CANDIDATE,912.2727,117.27269999999999,0.0,117.27269999999999
VLG4HQ,A320,LEMH,LEBL,ECMAN,180,12:44:00,10,13:15:00,D,173.0,795.0,764.0,10.0,True,VLG,210.51066666666668,False,True,True,GPD CANDIDATE,913.6364,118.63639999999998,0.0,118.63639999999998
DLH91A,A321,EDDF,LEBL,DAISI,370,11:46:00,11,13:15:00,D,207.0,795.0,706.0,11.0,True,DLH,984.6466666666666,False,True,True,GPD CANDIDATE,915.0,120.0,0.0,120.0
TDR153,A320,LJLJ,LEBL,9ABTK,350,11:54:00,8,13:15:00,D,173.0,795.0,714.0,8.0,True,TDR,916.74,False,True,True,GPD CANDIDATE,916.3636,121.36360000000002,0.0,121.36360000000002
VOE55YD,A320,LFRS,LEBL,ECNPC,330,12:15:00,10,13:20:00,D,173.0,800.0,735.0,10.0,True,VOE,672.2760000000001,False,True,True,GPD CANDIDATE,917.7273,117.72730000000001,0.0,117.72730000000001
VLG795H,A320,EHAM,LEBL,ECMVE,370,11:32:00,24,13:20:00,D,173.0,800.0,692.0,24.0,True,VLG,1066.1346666666666,False,True,True,GPD CANDIDATE,919.0909,119.09090000000003,0.0,119.09090000000003
VOE67QG,A320,LIEO,LEBL,ECNOL,330,12:21:00,15,13:25:00,D,173.0,805.0,741.0,15.0,True,VOE,590.788,False,True,True,GPD CANDIDATE,920.4545,115.45450000000005,0.0,115.45450000000005
VLG34YJ,A319,LIRQ,LEBL,ECMIQ,360,12:08:00,20,13:25:00,D,144.0,805.0,728.0,20.0,True,VLG,699.4386666666667,False,True,True,GPD CANDIDATE,921.8182,116.81820000000005,0.0,116.81820000000005
NSZ2KT,B738,ESSA,LEBL,SERRF,390,10:20:00,15,13:25:00,D,184.0,805.0,620.0,15.0,True,NSZ,2234.1293333333333,False,True,True,GPD CANDIDATE,923.1818,118.18179999999995,0.0,118.18179999999995
BAW406,A319,EGLL,LEBL,GEUPN,350,11:53:00,18,13:30:00,D,144.0,810.0,713.0,18.0,True,BAW,998.2280000000001,False,True,True,GPD CANDIDATE,924.5455,114.54549999999995,0.0,114.54549999999995
RYR7451,B738,LIRF,LEBL,9HQEK,330,12:22:00,14,13:30:00,D,184.0,810.0,742.0,14.0,True,RYR,658.6946666666668,False,True,True,GPD CANDIDATE,925.9091,115.90909999999997,0.0,115.90909999999997
AFR83CM,BCS3,LFPG,LEBL,FHZUN,370,12:05:00,14,13:30:00,D,145.0,810.0,725.0,14.0,True,AFR,889.5773333333333,False,True,True,GPD CANDIDATE,927.2727,117.27269999999999,0.0,117.27269999999999
VLG4MY,A320,LEMH,LEBL,ECMVO,180,12:59:00,9,13:35:00,D,173.0,815.0,779.0,9.0,True,VLG,291.9986666666667,False,True,True,GPD CANDIDATE,928.6364,113.63639999999998,0.0,113.63639999999998
BNI5V,C525,LFKF,LEBL,SPDLV,290,12:29:00,10,13:35:00,F,6.0,815.0,749.0,10.0,True,BNI,233.815,False,True,True,GPD CANDIDATE,930.0,115.0,0.0,115.0
VLG44NF,A320,LEBB,LEBL,ECJYX,300,12:47:00,9,13:35:00,D,173.0,815.0,767.0,9.0,True,VLG,454.97466666666674,False,True,True,GPD CANDIDATE,931.3636,116.36360000000002,0.0,116.36360000000002
IBE26VE,A332,KSFO,LEBL,ECODB,410,3:35:00,25,13:35:00,B,281.0,815.0,215.0,25.0,False,IBE,8261.926333333335,False,False,False,EXEMPT INTERNATIONAL,815.4545,0.45450000000005275,0.45450000000005275,0.0
VLG85XK,A320,LIRN,LEBL,ECOJG,340,12:14:00,12,13:40:00,D,173.0,820.0,734.0,12.0,True,VLG,930.3213333333333,False,True,True,GPD CANDIDATE,932.7273,112.72730000000001,0.0,112.72730000000001
RYR39TN,B738,EGCC,LEBL,9HQBW,370,11:48:00,12,13:40:00,D,184.0,820.0,708.0,12.0,True,RYR,1283.4360000000001,False,True,True,GPD CANDIDATE,934.0909,114.09090000000003,0.0,114.09090000000003
VLG4BP,A321,EGKK,LEBL,ECMMU,350,12:20:00,35,13:45:00,D,207.0,825.0,740.0,35.0,True,VLG,604.3693333333334,False,True,True,GPD CANDIDATE,935.4545,110.45450000000005,0.0,110.45450000000005
VLG8483,A20N,LPFR,LEBL,ECMES,300,12:14:00,10,13:45:00,D,180.0,825.0,734.0,10.0,True,VLG,1025.3906666666667,False,True,True,GPD CANDIDATE,936.8182,111.81820000000005,0.0,111.81820000000005
VLG8RP,A320,LEIB,LEBL,ECMYB,180,13:21:00,7,13:55:00,D,173.0,835.0,801.0,7.0,True,VLG,291.9986666666667,False,True,True,GPD CANDIDATE,938.1818,103.18179999999995,0.0,103.18179999999995
VLG9WF,A320,LIEO,LEBL,ECLVV,310,12:57:00,15,13:55:00,D,173.0,835.0,777.0,15.0,True,VLG,509.3,False,True,True,GPD CANDIDATE,939.5455,104.54549999999995,0.0,104.54549999999995
ORO1042,C25C,LEMH,LEBL,ECNQS,180,13:25:00,5,13:55:00,F,8.0,835.0,805.0,5.0,True,ORO,90.28500000000001,False,True,True,GPD CANDIDATE,940.9091,105.90909999999997,0.0,105.90909999999997
RYR7TC,B738,EGBB,LEBL,9HQAL,370,12:05:00,15,14:00:00,D,184.0,840.0,725.0,15.0,True,RYR,1283.4360000000001,False,True,True,GPD CANDIDATE,942.2727,102.27269999999999,0.0,102.27269999999999
EZY69CT,A320,EGGW,LEBL,GEZTM,350,12:10:00,13,14:00:00,D,173.0,840.0,730.0,13.0,True,EZY,1242.692,False,True,True,GPD CANDIDATE,943.6364,103.63639999999998,0.0,103.63639999999998
RYR32TM,B738,LOWW,LEBL,EIEFO,370,12:18:00,12,14:05:00,D,184.0,845.0,738.0,12.0,True,RYR,1215.5293333333334,False,True,True,GPD CANDIDATE,945.0,100.0,0.0,100.0
AFR34QV,BCS3,LFPG,LEBL,FHPNP,370,12:28:00,17,14:05:00,D,145.0,845.0,748.0,17.0,True,AFR,1011.8093333333335,False,True,True,GPD CANDIDATE,946.3636,101.36360000000002,0.0,101.36360000000002
RYR6421,B738,LPFR,LEBL,9HQEW,380,12:37:00,10,14:05:00,D,184.0,845.0,757.0,10.0,True,RYR,984.6466666666666,False,True,True,GPD CANDIDATE,947.7273,102.72730000000001,0.0,102.72730000000001
VLG88TZ,A320,LDDU,LEBL,ECMEL,350,12:19:00,9,14:10:00,D,173.0,850.0,739.0,9.0,True,VLG,1310.5986666666668,False,True,True,GPD CANDIDATE,949.0909,99.09090000000003,0.0,99.09090000000003
DLH21W,A320,EDDF,LEBL,DAIUA,370,12:22:00,12,14:10:00,D,173.0,850.0,742.0,12.0,True,DLH,1229.1106666666667,False,True,True,GPD CANDIDATE,950.4545,100.45450000000005,0.0,100.45450000000005
VLG79TF,A321,LIMC,LEBL,ECMHB,290,12:57:00,17,14:10:00,D,207.0,850.0,777.0,17.0,True,VLG,685.8573333333334,False,True,True,GPD CANDIDATE,951.8182,101.81820000000005,0.0,101.81820000000005
RYR853B,B738,LIPZ,LEBL,EIDYW,350,12:28:00,13,14:10:00,D,184.0,850.0,748.0,13.0,True,RYR,1134.0413333333333,False,True,True,GPD CANDIDATE,953.1818,103.18179999999995,0.0,103.18179999999995
VLG5KD,A321,LFRS,LEBL,ECNLX,330,13:05:00,10,14:10:00,D,207.0,850.0,785.0,10.0,True,VLG,672.2760000000001,False,True,True,GPD CANDIDATE,954.5455,104.54549999999995,0.0,104.54549999999995
VLG41SF,A320,LFSB,LEBL,ECMAH,330,12:46:00,10,14:10:00,D,173.0,850.0,766.0,10.0,True,VLG,930.3213333333333,False,True,True,GPD CANDIDATE,955.9091,105.90909999999997,0.0,105.90909999999997
VLG7WW,A320,LIBD,LEBL,ECLLJ,350,12:33:00,8,14:15:00,D,173.0,855.0,753.0,8.0,True,VLG,1201.948,False,True,True,GPD CANDIDATE,957.2727,102.27269999999999,0.0,102.27269999999999
ITY076,A21N,LIRF,LEBL,EIHXG,350,12:55:00,11,14:15:00,D,220.0,855.0,775.0,11.0,True,ITY,862.4146666666668,False,True,True,GPD CANDIDATE,958.6364,103.63639999999998,0.0,103.63639999999998
RYR3VJ,B738,EGGW,LEBL,EIEBF,350,12:25:00,18,14:15:00,D,184.0,855.0,745.0,18.0,True,RYR,1174.7853333333335,False,True,True,GPD CANDIDATE,961.3636,106.36360000000002,0.0,106.36360000000002
KLM93Z,B739,EHAM,LEBL,PHBXT,350,12:28:00,14,14:15:00,D,183.0,855.0,748.0,14.0,True,KLM,1188.3666666666666,False,True,True,GPD CANDIDATE,962.7273,107.72730000000001,0.0,107.72730000000001
RYR1DC,B738,LEMH,LEBL,EIDPI,180,13:40:00,10,14:20:00,D,184.0,860.0,820.0,10.0,True,RYR,332.74266666666665,False,True,True,GPD CANDIDATE,964.0909,104.09090000000003,0.0,104.09090000000003
EJU52PZ,A320,LFLL,LEBL,OEIVD,290,13:04:00,9,14:20:00,D,173.0,860.0,784.0,9.0,True,EJU,835.252,False,True,True,GPD CANDIDATE,965.4545,105.45450000000005,0.0,105.45450000000005
VLG3TG,A320,EDDV,LEBL,ECNFK,370,12:25:00,10,14:20:00,D,173.0,860.0,745.0,10.0,True,VLG,1351.342666666667,False,True,True,GPD CANDIDATE,966.8182,106.81820000000005,0.0,106.81820000000005
RYR996Z,B738,LEST,LEBL,EIDWC,320,12:55:00,15,14:20:00,D,184.0,860.0,775.0,15.0,True,RYR,875.9960000000001,False,True,True,GPD CANDIDATE,968.1818,108.18179999999995,0.0,108.18179999999995
VLG213Q,A21N,LEMH,LEBL,ECNYE,180,13:39:00,9,14:25:00,D,220.0,865.0,819.0,9.0,True,VLG,427.812,False,True,True,GPD CANDIDATE,969.5455,104.54549999999995,0.0,104.54549999999995
EWG9TP,A320,EDDL,LEBL,9HSWJ,350,12:36:00,11,14:25:00,D,173.0,865.0,756.0,11.0,True,EWG,1256.2733333333335,False,True,True,GPD CANDIDATE,970.9091,105.90909999999997,0.0,105.90909999999997
VLG90AB,A321,EDDB,LEBL,ECMJR,350,12:24:00,9,14:25:00,D,207.0,865.0,744.0,9.0,True,VLG,1446.412,False,True,True,GPD CANDIDATE,972.2727,107.27269999999999,0.0,107.27269999999999
VLG71YZ,A320,LEIB,LEBL,ECKDX,180,13:36:00,10,14:30:00,D,173.0,870.0,816.0,10.0,True,VLG,522.8813333333334,False,True,True,GPD CANDIDATE,973.6364,103.63639999999998,0.0,103.63639999999998
VLG45UC,A320,LEJR,LEBL,ECJTQ,340,12:57:00,7,14:30:00,D,173.0,870.0,777.0,7.0,True,VLG,1093.2973333333332,False,True,True,GPD CANDIDATE,975.0,105.0,0.0,105.0
VLG80YY,A320,LOWW,LEBL,ECOFU,350,12:53:00,10,14:35:00,D,173.0,875.0,773.0,10.0,True,VLG,1174.7853333333335,False,True,True,GPD CANDIDATE,976.3636,101.36360000000002,0.0,101.36360000000002
ALE04,PC24,LEPA,LEBL,9HAPX,180,14:20:00,20,14:40:00,F,8.0,880.0,860.0,20.0,True,ALE,0.0,False,True,True,GPD CANDIDATE,977.7273,97.72730000000001,0.0,97.72730000000001
VLG8YF,A321,LPPT,LEBL,ECMHS,340,13:15:00,15,14:45:00,D,207.0,885.0,795.0,15.0,True,VLG,943.9026666666667,False,True,True,GPD CANDIDATE,979.0909,94.09090000000003,0.0,94.09090000000003
IBE26RZ,A332,KLAX,LEBL,ECNRH,410,4:22:00,22,14:45:00,B,281.0,885.0,262.0,22.0,False,IBE,8639.117,False,False,False,EXEMPT INTERNATIONAL,885.0,0.0,0.0,0.0
AEA32MG,B789,LEMD,LEBL,ECNCY,280,14:00:00,20,14:55:00,B,284.0,895.0,840.0,20.0,True,AEA,427.9663333333333,False,True,True,GPD CANDIDATE,980.4545,85.45450000000005,0.0,85.45450000000005
RYR6851,B738,LIRF,LEBL,9HQEN,330,13:43:00,13,14:55:00,D,184.0,895.0,823.0,13.0,True,RYR,726.6013333333334,False,True,True,GPD CANDIDATE,981.8182,86.81820000000005,0.0,86.81820000000005
VLG57ZG,A321,LFPO,LEBL,ECMPV,350,13:38:00,13,14:55:00,D,207.0,895.0,818.0,13.0,True,VLG,794.508,False,True,True,GPD CANDIDATE,983.1818,88.18179999999995,0.0,88.18179999999995
VLG1AL,A320,EBBR,LEBL,ECKRH,370,13:16:00,11,15:00:00,D,173.0,900.0,796.0,11.0,True,VLG,1188.3666666666666,False,True,True,GPD CANDIDATE,984.5455,84.54549999999995,0.0,84.54549999999995
TAP1034,A320,LPPT,LEBL,CSTNJ,340,13:18:00,13,15:00:00,D,173.0,900.0,798.0,13.0,True,TAP,1134.0413333333333,False,True,True,GPD CANDIDATE,985.9091,85.90909999999997,0.0,85.90909999999997
BBG252,A320,LLBG,LEBL,5BDDO,360,11:17:00,15,15:05:00,D,173.0,905.0,677.0,15.0,False,BBG,2818.126666666667,False,True,False,EXEMPT INTERNATIONAL,905.4545,0.45450000000005275,0.45450000000005275,0.0
VLG7PM,A321,LIPZ,LEBL,ECMHA,350,13:46:00,11,15:05:00,D,207.0,905.0,826.0,11.0,True,VLG,848.8333333333335,False,True,True,GPD CANDIDATE,987.2727,82.27269999999999,0.0,82.27269999999999
THY1FP,A333,LTFM,LEBL,TCLOA,380,12:05:00,20,15:05:00,B,284.0,905.0,725.0,20.0,True,THY,2241.3830000000003,False,True,True,GPD CANDIDATE,988.6364,83.63639999999998,0.0,83.63639999999998
EWG7524,A320,EDDH,LEBL,9HSWN,360,13:15:00,10,15:10:00,D,173.0,910.0,795.0,10.0,True,EWG,1351.342666666667,False,True,True,GPD CANDIDATE,990.0,80.0,0.0,80.0
GES401V,F2TH,LFMN,LEBL,ECLGV,300,14:32:00,6,15:10:00,E,10.0,910.0,872.0,6.0,True,GES,261.7493333333333,False,True,True,GPD CANDIDATE,991.3636,81.36360000000002,0.0,81.36360000000002
VLG37CR,A320,LEPA,LEBL,ECMLE,180,14:22:00,17,15:15:00,D,173.0,915.0,862.0,17.0,True,VLG,414.23066666666665,False,True,True,GPD CANDIDATE,992.7273,77.72730000000001,0.0,77.72730000000001
RYR79DL,B738,EBCI,LEBL,EIDWR,370,13:55:00,15,15:20:00,D,184.0,920.0,835.0,15.0,True,RYR,875.9960000000001,False,True,True,GPD CANDIDATE,994.0909,74.09090000000003,0.0,74.09090000000003
VLG3521,A320,LEIB,LEBL,ECMNZ,180,14:47:00,12,15:20:00,D,173.0,920.0,887.0,12.0,True,VLG,210.51066666666668,False,True,True,GPD CANDIDATE,995.4545,75.45450000000005,0.0,75.45450000000005
VLG1EB,A320,LEAL,LEBL,ECMAO,280,14:38:00,13,15:25:00,D,173.0,925.0,878.0,13.0,True,VLG,387.06800000000004,False,True,True,GPD CANDIDATE,996.8182,71.81820000000005,0.0,71.81820000000005
BAW480N,A21N,EGLL,LEBL,GTNEA,370,13:51:00,22,15:25:00,D,220.0,925.0,831.0,22.0,True,BAW,903.1586666666667,False,True,True,GPD CANDIDATE,998.1818,73.18179999999995,0.0,73.18179999999995
VLG2FA,A321,LEAM,LEBL,ECMQL,340,14:24:00,5,15:25:00,D,207.0,925.0,864.0,5.0,True,VLG,685.8573333333334,False,True,True,GPD CANDIDATE,999.5455,74.54549999999995,0.0,74.54549999999995
DNA411,A320,LRBC,LEBL,YRJUL,350,12:58:00,10,15:30:00,D,173.0,930.0,778.0,10.0,True,DNA,1853.852,False,True,True,GPD CANDIDATE,1000.9091,70.90909999999997,0.0,70.90909999999997
RYR4596,B738,LPPR,LEBL,EIEBL,320,14:05:00,15,15:30:00,D,184.0,930.0,845.0,15.0,True,RYR,875.9960000000001,False,True,True,GPD CANDIDATE,1002.2727,72.27269999999999,0.0,72.27269999999999
SWR1958,A321,LSZH,LEBL,HBIOH,330,14:13:00,13,15:30:00,D,207.0,930.0,853.0,13.0,True,SWR,794.508,False,True,True,GPD CANDIDATE,1003.6364,73.63639999999998,0.0,73.63639999999998
DLH03H,BCS3,EDDM,LEBL,YLABR,350,13:57:00,12,15:35:00,D,145.0,935.0,837.0,12.0,True,DLH,1093.2973333333332,False,True,True,GPD CANDIDATE,1005.0,70.0,0.0,70.0
ABR294,B738,EDDP,LEBL,EIAZG,370,13:55:00,10,15:40:00,D,184.0,940.0,835.0,10.0,True,ABR,1215.5293333333334,False,True,True,GPD CANDIDATE,1006.3636,66.36360000000002,0.0,66.36360000000002
ULC44,C68A,LFTZ,LEBL,9HAOA,290,14:58:00,2,15:45:00,F,9.0,945.0,898.0,2.0,True,ULC,182.88500000000002,False,True,True,GPD CANDIDATE,1007.7273,62.727300000000014,0.0,62.727300000000014
DLH54C,A321,EDDF,LEBL,DAISR,370,14:23:00,14,15:45:00,D,207.0,945.0,863.0,14.0,True,DLH,848.8333333333335,False,True,True,GPD CANDIDATE,1009.0909,64.09090000000003,0.0,64.09090000000003
VLG97CV,A320,EGKK,LEBL,ECOKH,370,14:21:00,20,15:50:00,D,173.0,950.0,861.0,20.0,True,VLG,862.4146666666668,False,True,True,GPD CANDIDATE,1010.4545,60.45450000000005,0.0,60.45450000000005
EJU59AT,A319,EDDB,LEBL,OELKC,370,13:52:00,7,15:50:00,D,144.0,950.0,832.0,7.0,True,EJU,1432.8306666666667,False,True,True,GPD CANDIDATE,1011.8182,61.81820000000005,0.0,61.81820000000005
VLG4CT,A320,LSZH,LEBL,ECMBE,350,14:36:00,11,15:50:00,D,173.0,950.0,876.0,11.0,True,VLG,780.9266666666667,False,True,True,GPD CANDIDATE,1013.1818,63.18179999999995,0.0,63.18179999999995
IBE04VH,A321,LEMD,LEBL,ECHUH,280,14:29:00,16,15:55:00,D,207.0,955.0,869.0,16.0,True,IBE,875.9960000000001,False,True,True,GPD CANDIDATE,1014.5455,59.54549999999995,0.0,59.54549999999995
AIZ271,A21N,LLBG,LEBL,4XAGK,350,12:11:00,15,16:00:00,D,220.0,960.0,731.0,15.0,False,AIZ,2831.708,False,True,False,EXEMPT INTERNATIONAL,960.0,0.0,0.0,0.0
VLG3707,A321,LEMH,LEBL,ECMMH,180,15:49:00,10,16:10:00,D,207.0,970.0,949.0,10.0,True,VLG,74.69733333333333,False,True,True,GPD CANDIDATE,1015.9091,45.90909999999997,0.0,45.90909999999997
AFR88WR,A321,LFPG,LEBL,FGTAQ,370,14:55:00,15,16:10:00,D,207.0,970.0,895.0,15.0,True,AFR,740.1826666666667,False,True,True,GPD CANDIDATE,1017.2727,47.272699999999986,0.0,47.272699999999986
AEA62AA,B738,LEPA,LEBL,ECLQX,180,15:44:00,17,16:10:00,D,184.0,970.0,944.0,17.0,True,AEA,47.53466666666667,False,True,True,GPD CANDIDATE,1018.6364,48.63639999999998,0.0,48.63639999999998
SAS1811,A20N,ESSA,LEBL,SEROX,390,13:10:00,15,16:15:00,D,180.0,975.0,790.0,15.0,True,SAS,2234.1293333333333,False,True,True,GPD CANDIDATE,1020.0,45.0,0.0,45.0
VLG42HH,A320,GCFV,LEBL,ECMBS,360,13:23:00,10,16:15:00,D,173.0,975.0,803.0,10.0,True,VLG,2125.478666666667,False,True,True,GPD CANDIDATE,1021.3636,46.36360000000002,0.0,46.36360000000002
BAW472M,A21N,EGLL,LEBL,GTNEB,370,14:40:00,25,16:20:00,D,220.0,980.0,880.0,25.0,True,BAW,943.9026666666667,False,True,True,GPD CANDIDATE,1022.7273,42.727300000000014,0.0,42.727300000000014
RYR7CT,B738,EGGP,LEBL,EIENM,370,14:30:00,15,16:20:00,D,184.0,980.0,870.0,15.0,True,RYR,1215.5293333333334,False,True,True,GPD CANDIDATE,1024.0909,44.09089999999992,0.0,44.09089999999992
VLG3BU,A20N,EHAM,LEBL,ECNCS,390,14:39:00,15,16:20:00,D,180.0,980.0,879.0,15.0,True,VLG,1093.2973333333332,False,True,True,GPD CANDIDATE,1026.8182,46.81819999999993,0.0,46.81819999999993
RYR90MH,B738,LIRN,LEBL,EIEMA,350,14:44:00,14,16:25:00,D,184.0,985.0,884.0,14.0,True,RYR,1106.878666666667,False,True,True,GPD CANDIDATE,1028.1818,43.18180000000007,0.0,43.18180000000007
RYR44YY,B738,EDDB,LEBL,EIEVC,370,14:24:00,9,16:25:00,D,184.0,985.0,864.0,9.0,True,RYR,1446.412,False,True,True,GPD CANDIDATE,1029.5455,44.54549999999995,0.0,44.54549999999995
VLG9PH,A319,LEMH,LEBL,ECMKV,180,15:47:00,10,16:25:00,D,144.0,985.0,947.0,10.0,True,VLG,305.58000000000004,False,True,True,GPD CANDIDATE,1032.2727,47.272699999999986,0.0,47.272699999999986
EJU56MW,A319,LFMN,LEBL,OELVG,290,15:30:00,12,16:25:00,D,144.0,985.0,930.0,12.0,True,EJU,509.3,False,True,True,GPD CANDIDATE,1033.6364,48.636400000000094,0.0,48.636400000000094
VLG4RW,A321,LIRF,LEBL,ECMGY,340,15:24:00,14,16:30:00,D,207.0,990.0,924.0,14.0,True,VLG,631.532,False,True,True,GPD CANDIDATE,1035.0,45.0,0.0,45.0
VLG4ZY,A321,LFRS,LEBL,ECMLM,330,15:40:00,10,16:30:00,D,207.0,990.0,940.0,10.0,True,VLG,468.556,False,True,True,GPD CANDIDATE,1036.3636,46.363599999999906,0.0,46.363599999999906
VOE5JR,A319,LEAS,LEBL,ECMUX,320,15:20:00,5,16:35:00,D,144.0,995.0,920.0,5.0,True,VOE,875.9960000000001,False,True,True,GPD CANDIDATE,1037.7273,42.727300000000014,0.0,42.727300000000014
RYR73VE,B38M,LIEA,LEBL,EIIJM,310,15:40:00,10,16:35:00,D,189.0,995.0,940.0,10.0,True,RYR,536.4626666666667,False,True,True,GPD CANDIDATE,1039.0909,44.09089999999992,0.0,44.09089999999992
VLG16XE,A321,EGCC,LEBL,ECMGZ,350,14:50:00,17,16:35:00,D,207.0,995.0,890.0,17.0,True,VLG,1120.46,False,True,True,GPD CANDIDATE,1043.1818,48.18180000000007,0.0,48.18180000000007
AAO59,PC12,LFML,LEBL,OKPCF,250,15:36:00,6,16:40:00,F,9.0,1000.0,936.0,6.0,True,AAO,243.07500000000002,False,True,True,GPD CANDIDATE,1044.5455,44.54549999999995,0.0,44.54549999999995
VLG53FY,A320,LFMN,LEBL,ECKDG,290,15:50:00,11,16:40:00,D,173.0,1000.0,950.0,11.0,True,VLG,454.97466666666674,False,True,True,GPD CANDIDATE,1045.9091,45.90910000000008,0.0,45.90910000000008
KLM69C,B738,EHAM,LEBL,PHBXB,410,14:56:00,13,16:45:00,D,184.0,1005.0,896.0,13.0,True,KLM,1229.1106666666667,False,True,True,GPD CANDIDATE,1047.2727,42.272699999999986,0.0,42.272699999999986
EWG75Z,A320,EDDL,LEBL,9HMLO,350,14:36:00,11,16:45:00,D,173.0,1005.0,876.0,11.0,True,EWG,1527.9,False,True,True,GPD CANDIDATE,1048.6364,43.636400000000094,0.0,43.636400000000094
VLG232C,A321,LFPG,LEBL,ECNLV,350,15:30:00,25,16:45:00,D,207.0,1005.0,930.0,25.0,True,VLG,604.3693333333334,False,True,True,GPD CANDIDATE,1050.0,45.0,0.0,45.0
EJU65KC,A319,LIRN,LEBL,OELQU,340,15:17:00,14,16:50:00,D,144.0,1010.0,917.0,14.0,True,EJU,998.2280000000001,False,True,True,GPD CANDIDATE,1051.3636,41.363599999999906,0.0,41.363599999999906
NSZ3658,B738,EKCH,LEBL,SERPJ,390,14:20:00,10,16:50:00,D,184.0,1010.0,860.0,10.0,True,NSZ,1826.6893333333335,False,True,True,GPD CANDIDATE,1052.7273,42.727300000000014,0.0,42.727300000000014
RYR1JV,B738,LFOB,LEBL,EIENF,370,15:35:00,15,16:55:00,D,184.0,1015.0,935.0,15.0,True,RYR,808.0893333333335,False,True,True,GPD CANDIDATE,1054.0909,39.09089999999992,0.0,39.09089999999992
VLG5QB,A320,LEIB,LEBL,ECODN,180,16:01:00,12,16:55:00,D,173.0,1015.0,961.0,12.0,True,VLG,495.7186666666666,False,True,True,GPD CANDIDATE,1055.4545,40.45450000000005,0.0,40.45450000000005
VLG88YX,A320,GCXO,LEBL,ECMOG,360,14:08:00,8,16:55:00,D,173.0,1015.0,848.0,8.0,True,VLG,2084.7346666666663,False,True,True,GPD CANDIDATE,1056.8182,41.81819999999993,0.0,41.81819999999993
WZZ98,A21N,LHBP,LEBL,HALGN,350,14:57:00,10,16:55:00,D,220.0,1015.0,897.0,10.0,True,WZZ,1392.0866666666666,False,True,True,GPD CANDIDATE,1058.1818,43.18180000000007,0.0,43.18180000000007
NJE024U,CL35,EGKB,LEBL,CSCHG,350,15:40:00,10,17:00:00,E,9.0,1020.0,940.0,10.0,True,NJE,637.0880000000001,False,True,True,GPD CANDIDATE,1059.5455,39.54549999999995,0.0,39.54549999999995
WZZ671,A21N,EPWA,LEBL,9HWDP,360,14:20:00,21,17:00:00,D,220.0,1020.0,860.0,21.0,True,WZZ,1813.1080000000002,False,True,True,GPD CANDIDATE,1060.9091,40.90910000000008,0.0,40.90910000000008
RYR2WJ,B38M,EDDK,LEBL,9HVVR,390,15:22:00,17,17:00:00,D,189.0,1020.0,922.0,17.0,True,RYR,1025.3906666666667,False,True,True,GPD CANDIDATE,1062.2727,42.272699999999986,0.0,42.272699999999986
ETD19N,B789,OMAA,LEBL,A6BNB,400,10:15:00,10,17:05:00,B,284.0,1025.0,615.0,10.0,False,ETD,5723.143,False,False,False,EXEMPT INTERNATIONAL,1025.4545,0.45450000000005275,0.45450000000005275,0.0
VLG787R,A321,LEPA,LEBL,ECNLY,180,16:24:00,5,17:05:00,D,207.0,1025.0,984.0,5.0,True,VLG,414.23066666666665,False,True,True,GPD CANDIDATE,1063.6364,38.636400000000094,0.0,38.636400000000094
VLG1579,A320,LEAS,LEBL,ECLAB,320,16:05:00,5,17:10:00,D,173.0,1030.0,965.0,5.0,True,VLG,740.1826666666667,False,True,True,GPD CANDIDATE,1065.0,35.0,0.0,35.0
RYR22VB,B738,LEIB,LEBL,9HQEK,240,16:30:00,7,17:10:00,D,184.0,1030.0,990.0,7.0,True,RYR,373.4866666666667,False,True,True,GPD CANDIDATE,1066.3636,36.363599999999906,0.0,36.363599999999906
RAM960U,B738,GMMN,LEBL,CNROC,400,15:21:00,16,17:10:00,D,184.0,1030.0,921.0,16.0,False,RAM,1188.3666666666666,False,True,False,EXEMPT INTERNATIONAL,1030.9091,0.9091000000000804,0.9091000000000804,0.0
VLG2KV,A320,LEST,LEBL,ECODM,320,15:50:00,15,17:10:00,D,173.0,1030.0,950.0,15.0,True,VLG,808.0893333333335,False,True,True,GPD CANDIDATE,1067.7273,37.727300000000014,0.0,37.727300000000014
VLG9BC,A321,LEPA,LEBL,ECMMU,180,16:52:00,17,17:15:00,D,207.0,1035.0,1012.0,17.0,True,VLG,6.790666666666667,False,True,True,GPD CANDIDATE,1069.0909,34.09089999999992,0.0,34.09089999999992
DAH2014,B738,DAAG,LEBL,7TVKQ,340,16:30:00,5,17:20:00,D,184.0,1040.0,990.0,5.0,False,DAH,536.4626666666667,False,True,False,EXEMPT INTERNATIONAL,1040.4545,0.45450000000005275,0.45450000000005275,0.0
AAR511,A359,RKSI,LEBL,HL7578,400,3:00:00,10,17:20:00,B,297.0,1040.0,180.0,10.0,False,AAR,12251.443000000001,True,False,False,EXEMPT INTERNATIONAL,1041.8182,1.8181999999999334,1.8181999999999334,0.0
RYR51YH,B738,LIRF,LEBL,EIDCW,330,16:12:00,17,17:20:00,D,184.0,1040.0,972.0,17.0,True,RYR,617.9506666666666,False,True,True,GPD CANDIDATE,1070.4545,30.454500000000053,0.0,30.454500000000053
VLG73KB,A320,LICC,LEBL,ECKHN,360,15:45:00,20,17:25:00,D,173.0,1045.0,945.0,20.0,True,VLG,1011.8093333333335,False,True,True,GPD CANDIDATE,1071.8182,26.818199999999933,0.0,26.818199999999933
TRA6789,B738,EHEH,LEBL,PHHXE,410,15:55:00,10,17:25:00,D,184.0,1045.0,955.0,10.0,True,TRA,1011.8093333333335,False,True,True,GPD CANDIDATE,1073.1818,28.181800000000067,0.0,28.181800000000067
ASL91T,A319,LYBE,LEBL,YUAPK,320,15:15:00,10,17:25:00,D,144.0,1045.0,915.0,10.0,True,ASL,1555.062666666667,False,True,True,GPD CANDIDATE,1074.5455,29.545499999999947,0.0,29.545499999999947
CFE8759,E190,EGLC,LEBL,GLCYU,370,15:48:00,6,17:30:00,E,104.0,1050.0,948.0,6.0,True,CFE,893.8986666666666,False,True,True,GPD CANDIDATE,1077.2727,27.272699999999986,0.0,27.272699999999986
VLG2HL,A321,LPPR,LEBL,ECMLD,320,16:07:00,12,17:30:00,D,207.0,1050.0,967.0,12.0,True,VLG,889.5773333333333,False,True,True,GPD CANDIDATE,1078.6364,28.636400000000094,0.0,28.636400000000094
RYR2494,B738,LEPA,LEBL,9HQBW,180,17:01:00,17,17:30:00,D,184.0,1050.0,1021.0,17.0,True,RYR,88.27866666666668,False,True,True,GPD CANDIDATE,1080.0,30.0,0.0,30.0
AUA393E,A321,LOWW,LEBL,OELBC,350,15:51:00,9,17:35:00,D,207.0,1055.0,951.0,9.0,True,AUA,1215.5293333333334,False,True,True,GPD CANDIDATE,1081.3636,26.363599999999906,0.0,26.363599999999906
NOZ42BM,A320,ENGM,LEBL,OYJRK,370,14:34:00,9,17:35:00,D,173.0,1055.0,874.0,9.0,True,NOZ,2261.292,False,True,True,GPD CANDIDATE,1082.7273,27.727300000000014,0.0,27.727300000000014
VLG32XP,A20N,EDDS,LEBL,ECNFK,390,16:19:00,6,17:35:00,D,180.0,1055.0,979.0,6.0,True,VLG,875.9960000000001,False,True,True,GPD CANDIDATE,1084.0909,29.09089999999992,0.0,29.09089999999992
RYR791,B738,LKPR,LEBL,9HQBP,370,15:54:00,10,17:35:00,D,184.0,1055.0,954.0,10.0,True,RYR,1161.204,False,True,True,GPD CANDIDATE,1085.4545,30.454500000000053,0.0,30.454500000000053
BAW486,A320,EGLL,LEBL,GEUUI,370,16:04:00,24,17:40:00,D,173.0,1060.0,964.0,24.0,True,BAW,903.1586666666667,False,True,True,GPD CANDIDATE,1086.8182,26.818199999999933,0.0,26.818199999999933
SWR4KW,A320,LSZH,LEBL,HBIJQ,330,16:19:00,12,17:40:00,D,173.0,1060.0,979.0,12.0,True,SWR,862.4146666666668,False,True,True,GPD CANDIDATE,1088.1818,28.181800000000067,0.0,28.181800000000067
VLG91LR,A320,LIMF,LEBL,ECLVU,290,16:51:00,5,17:45:00,D,173.0,1065.0,1011.0,5.0,True,VLG,590.788,False,True,True,GPD CANDIDATE,1089.5455,24.545499999999947,0.0,24.545499999999947
VLG833A,A320,LFPO,LEBL,ECLOB,370,16:33:00,8,17:45:00,D,173.0,1065.0,993.0,8.0,True,VLG,794.508,False,True,True,GPD CANDIDATE,1090.9091,25.90910000000008,0.0,25.90910000000008
TRA139T,B738,EHAM,LEBL,PHHXB,390,15:57:00,19,17:50:00,D,184.0,1070.0,957.0,19.0,True,TRA,1201.948,False,True,True,GPD CANDIDATE,1092.2727,22.272699999999986,0.0,22.272699999999986
TVF27TW,A20N,LFPO,LEBL,FHXSL,370,16:43:00,6,17:50:00,D,180.0,1070.0,1003.0,6.0,True,TVF,753.764,False,True,True,GPD CANDIDATE,1093.6364,23.636400000000094,0.0,23.636400000000094
EWG56Y,A319,EDDS,LEBL,DAGWO,350,16:21:00,6,17:50:00,D,144.0,1070.0,981.0,6.0,True,EWG,1052.5533333333335,False,True,True,GPD CANDIDATE,1095.0,25.0,0.0,25.0
RYR36MJ,B738,EGSS,LEBL,9HQDA,370,16:04:00,10,17:50:00,D,184.0,1070.0,964.0,10.0,True,RYR,1229.1106666666667,False,True,True,GPD CANDIDATE,1096.3636,26.363599999999906,0.0,26.363599999999906
MAC373P,A320,GMMN,LEBL,CNNMS,380,15:47:00,10,17:55:00,D,173.0,1075.0,947.0,10.0,False,MAC,1527.9,False,True,False,EXEMPT INTERNATIONAL,1075.9091,0.9091000000000804,0.9091000000000804,0.0
FIN01AD,A321,EFHK,LEBL,OYRUU,350,14:17:00,9,17:55:00,D,207.0,1075.0,857.0,9.0,True,FIN,2763.8013333333333,False,True,True,GPD CANDIDATE,1097.7273,22.727300000000014,0.0,22.727300000000014
VLG6ZR,A320,LEIB,LEBL,ECJTQ,180,17:11:00,10,17:55:00,D,173.0,1075.0,1031.0,10.0,True,VLG,387.06800000000004,False,True,True,GPD CANDIDATE,1099.0909,24.09089999999992,0.0,24.09089999999992
EZY85YZ,A319,EGKK,LEBL,GEZBX,390,16:15:00,22,18:00:00,D,144.0,1080.0,975.0,22.0,True,EZY,1052.5533333333335,False,True,True,GPD CANDIDATE,1100.4545,20.454500000000053,0.0,20.454500000000053
WZZ308,A320,LBSF,LEBL,HALWE,350,15:40:00,13,18:00:00,D,173.0,1080.0,940.0,13.0,True,WZZ,1650.132,False,True,True,GPD CANDIDATE,1101.8182,21.818199999999933,0.0,21.818199999999933
VLG45EM,A320,GCLP,LEBL,ECLOP,380,15:07:00,13,18:05:00,D,173.0,1085.0,907.0,13.0,True,VLG,2166.2226666666666,False,True,True,GPD CANDIDATE,1103.1818,18.181800000000067,0.0,18.181800000000067
WMT7HE,A320,LRIA,LEBL,9HWBA,390,15:29:00,11,18:05:00,D,173.0,1085.0,929.0,11.0,True,WMT,1894.5960000000002,False,True,True,GPD CANDIDATE,1104.5455,19.545499999999947,0.0,19.545499999999947
VLG78CE,A321,LIMC,LEBL,ECMOO,310,17:04:00,13,18:10:00,D,207.0,1090.0,1024.0,13.0,True,VLG,645.1133333333333,False,True,True,GPD CANDIDATE,1105.9091,15.90910000000008,0.0,15.90910000000008
EWG3HN,A320,EDDK,LEBL,DABZL,390,16:30:00,22,18:10:00,D,173.0,1090.0,990.0,22.0,True,EWG,984.6466666666666,False,True,True,GPD CANDIDATE,1107.2727,17.272699999999986,0.0,17.272699999999986
VLG5HM,A320,LFMN,LEBL,ECOFX,290,17:16:00,11,18:10:00,D,173.0,1090.0,1036.0,11.0,True,VLG,509.3,False,True,True,GPD CANDIDATE,1108.6364,18.636400000000094,0.0,18.636400000000094
SAS4685,A20N,ENGM,LEBL,SERZE,390,15:26:00,14,18:15:00,D,180.0,1095.0,926.0,14.0,True,SAS,2030.4093333333333,False,True,True,GPD CANDIDATE,1110.0,15.0,0.0,15.0
IBE04VC,A20N,LEMD,LEBL,ECNCM,300,17:27:00,16,18:15:00,D,180.0,1095.0,1047.0,16.0,True,IBE,359.9053333333333,False,True,True,GPD CANDIDATE,1111.3636,16.363599999999906,0.0,16.363599999999906
VLG4VT,A319,LESO,LEBL,ECMIQ,280,17:11:00,7,18:15:00,D,144.0,1095.0,1031.0,7.0,True,VLG,699.4386666666667,False,True,True,GPD CANDIDATE,1112.7273,17.727300000000014,0.0,17.727300000000014
CTN72E,BCS3,LDZA,LEBL,9ACAN,370,16:35:00,10,18:15:00,D,145.0,1095.0,995.0,10.0,True,CTN,1147.6226666666669,False,True,True,GPD CANDIDATE,1114.0909,19.09089999999992,0.0,19.09089999999992
VLG55MP,A320,LIPR,LEBL,ECKDH,310,16:49:00,10,18:20:00,D,173.0,1100.0,1009.0,10.0,True,VLG,1025.3906666666667,False,True,True,GPD CANDIDATE,1115.4545,15.454500000000053,0.0,15.454500000000053
LGL93B,B737,ELLX,LEBL,LXLBR,370,16:33:00,10,18:20:00,D,145.0,1100.0,993.0,10.0,True,LGL,1242.692,False,True,True,GPD CANDIDATE,1116.8182,16.818199999999933,0.0,16.818199999999933
VLG6EB,A320,LEIB,LEBL,ECKDX,180,17:52:00,11,18:20:00,D,173.0,1100.0,1072.0,11.0,True,VLG,156.18533333333335,False,True,True,GPD CANDIDATE,1118.1818,18.181800000000067,0.0,18.181800000000067
RYR651H,B738,EBBR,LEBL,EIDCN,370,16:50:00,9,18:25:00,D,184.0,1105.0,1010.0,9.0,True,RYR,1093.2973333333332,False,True,True,GPD CANDIDATE,1119.5455,14.545499999999947,0.0,14.545499999999947
RYR6297,B738,LFBI,LEBL,9HQEW,330,17:27:00,5,18:25:00,D,184.0,1105.0,1047.0,5.0,True,RYR,645.1133333333333,False,True,True,GPD CANDIDATE,1120.9091,15.90910000000008,0.0,15.90910000000008
WMT8JM,A321,LROP,LEBL,HALXL,350,15:50:00,10,18:25:00,D,207.0,1105.0,950.0,10.0,True,WMT,1894.5960000000002,False,True,True,GPD CANDIDATE,1122.2727,17.272699999999986,0.0,17.272699999999986
BAW4GS,A20N,EGLL,LEBL,GTTNL,390,17:02:00,27,18:30:00,D,180.0,1110.0,1022.0,27.0,True,BAW,753.764,False,True,True,GPD CANDIDATE,1123.6364,13.636400000000094,0.0,13.636400000000094
VLG8983,A21N,EBBR,LEBL,ECNYF,350,16:59:00,9,18:30:00,D,220.0,1110.0,1019.0,9.0,True,VLG,1038.972,False,True,True,GPD CANDIDATE,1125.0,15.0,0.0,15.0
WMT2147,A21N,LIRF,LEBL,9HWAJ,350,17:23:00,14,18:35:00,D,220.0,1115.0,1043.0,14.0,True,WMT,713.02,False,True,True,GPD CANDIDATE,1126.3636,11.363599999999906,0.0,11.363599999999906
TAP1036,A20N,LPPT,LEBL,CSTVD,340,16:59:00,20,18:35:00,D,180.0,1115.0,1019.0,20.0,True,TAP,957.484,False,True,True,GPD CANDIDATE,1127.7273,12.727300000000014,0.0,12.727300000000014
BEL3FJ,A320,EBBR,LEBL,OOSNK,390,17:03:00,10,18:35:00,D,173.0,1115.0,1023.0,10.0,True,BEL,1038.972,False,True,True,GPD CANDIDATE,1129.0909,14.09089999999992,0.0,14.09089999999992
VLG9PW,A320,LEPA,LEBL,ECMLE,180,18:02:00,17,18:40:00,D,173.0,1120.0,1082.0,17.0,True,VLG,210.51066666666668,False,True,True,GPD CANDIDATE,1130.4545,10.454500000000053,0.0,10.454500000000053
VLG768Q,A320,LEMG,LEBL,ECOJG,380,17:22:00,16,18:40:00,D,173.0,1120.0,1042.0,16.0,True,VLG,767.3453333333333,False,True,True,GPD CANDIDATE,1131.8182,11.818199999999933,0.0,11.818199999999933
EZY54QC,A320,EGGP,LEBL,GEZTG,390,16:56:00,10,18:45:00,D,173.0,1125.0,1016.0,10.0,True,EZY,1269.8546666666666,False,True,True,GPD CANDIDATE,1133.1818,8.181800000000067,0.0,8.181800000000067
VLG20PQ,A20N,LIRQ,LEBL,ECNDA,310,17:41:00,20,18:45:00,D,180.0,1125.0,1061.0,20.0,True,VLG,522.8813333333334,False,True,True,GPD CANDIDATE,1134.5455,9.545499999999947,0.0,9.545499999999947
EZY23NU,A320,EGKK,LEBL,GEZPX,390,17:10:00,23,18:45:00,D,173.0,1125.0,1030.0,23.0,True,EZY,903.1586666666667,False,True,True,GPD CANDIDATE,1135.9091,10.90910000000008,0.0,10.90910000000008
VLG7JZ,A20N,EGKK,LEBL,ECNIY,390,17:13:00,15,18:50:00,D,180.0,1130.0,1033.0,15.0,True,VLG,1038.972,False,True,True,GPD CANDIDATE,1137.2727,7.272699999999986,0.0,7.272699999999986
VLG5BK,A321,EHAM,LEBL,ECMQB,330,17:08:00,20,18:50:00,D,207.0,1130.0,1028.0,20.0,True,VLG,1038.972,False,True,True,GPD CANDIDATE,1138.6364,8.636400000000094,0.0,8.636400000000094
VJH713,E35L,LDZD,LEBL,DANCE,370,17:26:00,15,18:50:00,E,13.0,1130.0,1046.0,15.0,True,VJH,627.2106666666667,False,True,True,GPD CANDIDATE,1141.3636,11.363599999999906,0.0,11.363599999999906
AFR32HU,BCS3,LFPG,LEBL,FHPNJ,390,17:44:00,11,18:55:00,D,145.0,1135.0,1064.0,11.0,True,AFR,740.1826666666667,False,True,True,GPD CANDIDATE,1142.7273,7.727300000000014,0.0,7.727300000000014
VLG30NL,A320,LIBD,LEBL,ECOGE,350,17:02:00,8,18:55:00,D,173.0,1135.0,1022.0,8.0,True,VLG,1351.342666666667,False,True,True,GPD CANDIDATE,1144.0909,9.09089999999992,0.0,9.09089999999992
RYR61WY,B738,EIDW,LEBL,9HQFK,370,16:58:00,18,19:00:00,D,184.0,1140.0,1018.0,18.0,True,RYR,1337.7613333333334,False,True,True,GPD CANDIDATE,1145.4545,5.454500000000053,0.0,5.454500000000053
QTR93J,B789,OTHH,LEBL,A7BHO,400,13:00:00,10,19:00:00,B,284.0,1140.0,780.0,10.0,False,QTR,4997.776333333333,False,False,False,EXEMPT INTERNATIONAL,1140.0,0.0,0.0,0.0
RYR886W,B738,LIMC,LEBL,EIEBF,330,17:57:00,13,19:00:00,D,184.0,1140.0,1077.0,13.0,True,RYR,604.3693333333334,False,True,True,GPD CANDIDATE,1146.8182,6.818199999999933,0.0,6.818199999999933
VLG3071,A320,LTFM,LEBL,ECMCU,360,16:03:00,20,19:05:00,D,173.0,1145.0,963.0,20.0,True,VLG,2125.478666666667,False,True,True,GPD CANDIDATE,1148.1818,3.1818000000000666,0.0,3.1818000000000666
VLG9EA,A320,LPPT,LEBL,ECOFH,402,17:36:00,19,19:05:00,D,173.0,1145.0,1056.0,19.0,True,VLG,875.9960000000001,False,True,True,GPD CANDIDATE,1149.5455,4.545499999999947,0.0,4.545499999999947
IBE04VK,A319,LEMD,LEBL,ECKUB,280,18:16:00,16,19:05:00,D,144.0,1145.0,1096.0,16.0,True,IBE,373.4866666666667,False,True,True,GPD CANDIDATE,1150.9091,5.90910000000008,0.0,5.90910000000008
VLG6167,A320,LIEE,LEBL,ECLLJ,360,18:10:00,15,19:10:00,D,173.0,1150.0,1090.0,15.0,True,VLG,536.4626666666667,False,True,True,GPD CANDIDATE,1152.2727,2.272699999999986,0.0,2.272699999999986
WZZ9DE,A21N,EPGD,LEBL,9HWDX,370,16:35:00,13,19:10:00,D,220.0,1150.0,995.0,13.0,True,WZZ,1853.852,False,True,True,GPD CANDIDATE,1153.6364,3.6364000000000942,0.0,3.6364000000000942
VLG7FJ,A20N,LFPO,LEBL,ECNCU,390,18:14:00,10,19:15:00,D,180.0,1155.0,1094.0,10.0,True,VLG,617.9506666666666,False,True,True,GPD CANDIDATE,1156.3636,1.3635999999999058,0.0,1.3635999999999058
RYR4WR,B738,GMFF,LEBL,EIDPH,380,17:40:00,15,19:15:00,D,184.0,1155.0,1060.0,15.0,False,RYR,1011.8093333333335,False,True,False,EXEMPT INTERNATIONAL,1155.0,0.0,0.0,0.0
WZZ4RZ,A320,LYBE,LEBL,HALYG,350,17:08:00,13,19:15:00,D,173.0,1155.0,1028.0,13.0,True,WZZ,1473.5746666666666,False,True,True,GPD CANDIDATE,1157.7273,2.727300000000014,0.0,2.727300000000014
DLH66Y,A321,EDDM,LEBL,DAIRF,370,17:52:00,12,19:20:00,D,207.0,1160.0,1072.0,12.0,True,DLH,957.484,False,True,True,GPD CANDIDATE,1160.4545,0.45450000000005275,0.0,0.45450000000005275
AEA23GZ,B738,LEPA,LEBL,ECLQX,180,18:49:00,17,19:20:00,D,184.0,1160.0,1129.0,17.0,True,AEA,115.44133333333333,False,True,True,GPD CANDIDATE,1161.8182,1.8181999999999334,0.0,1.8181999999999334
FPY6,A20N,BIKF,LEBL,TFPPD,390,15:30:00,10,19:25:00,D,180.0,1165.0,930.0,10.0,True,FPY,2981.1026666666667,False,True,True,GPD CANDIDATE,1165.9091,0.9091000000000804,0.0,0.9091000000000804
RYR7495,B738,EGSS,LEBL,EIGXN,370,17:49:00,10,19:30:00,D,184.0,1170.0,1069.0,10.0,True,RYR,1161.204,False,True,True,GPD CANDIDATE,1170.0,0.0,0.0,0.0
WMT773,A21N,LATI,LEBL,9HWDR,360,17:39:00,14,19:35:00,D,220.0,1175.0,1059.0,14.0,True,WMT,1310.5986666666668,False,True,True,GPD CANDIDATE,1176.8182,1.8181999999999334,0.0,1.8181999999999334
LBT608,A320,DTTA,LEBL,TSINU,360,18:15:00,10,19:35:00,D,173.0,1175.0,1095.0,10.0,False,LBT,875.9960000000001,False,True,False,EXEMPT INTERNATIONAL,1175.4545,0.45450000000005275,0.45450000000005275,0.0
EZY97KW,A320,EGCC,LEBL,GEZUZ,390,17:50:00,14,19:40:00,D,173.0,1180.0,1070.0,14.0,True,EZY,1229.1106666666667,False,True,True,GPD CANDIDATE,1180.9091,0.9091000000000804,0.0,0.9091000000000804
VLG9CP,A20N,LEAL,LEBL,ECNDB,300,18:47:00,9,19:40:00,D,180.0,1180.0,1127.0,9.0,True,VLG,522.8813333333334,False,True,True,GPD CANDIDATE,1182.2727,2.272699999999986,0.0,2.272699999999986
VLG67DR,A320,EGKK,LEBL,ECMAN,390,18:08:00,14,19:40:00,D,173.0,1180.0,1088.0,14.0,True,VLG,984.6466666666666,False,True,True,GPD CANDIDATE,1183.6364,3.6364000000000942,0.0,3.6364000000000942
VLG91ZA,A320,LIRF,LEBL,ECMGE,350,18:32:00,16,19:45:00,D,173.0,1185.0,1112.0,16.0,True,VLG,699.4386666666667,False,True,True,GPD CANDIDATE,1185.0,0.0,0.0,0.0
VLG2NC,A20N,LEMG,LEBL,ECNCF,380,18:36:00,11,19:50:00,D,180.0,1190.0,1116.0,11.0,True,VLG,780.9266666666667,False,True,True,GPD CANDIDATE,1190.4545,0.45450000000005275,0.0,0.45450000000005275
VLG66ED,A320,EHAM,LEBL,ECMVO,390,18:17:00,17,19:55:00,D,173.0,1195.0,1097.0,17.0,True,VLG,1025.3906666666667,False,True,True,GPD CANDIDATE,1195.9091,0.9091000000000804,0.0,0.9091000000000804
DAH2018,B738,DAOO,LEBL,7TVJK,280,18:53:00,8,20:00:00,D,184.0,1200.0,1133.0,8.0,False,DAH,726.6013333333334,False,True,False,EXEMPT INTERNATIONAL,1200.0,0.0,0.0,0.0
EZY41GN,A320,EGGD,LEBL,GEZPB,390,18:14:00,9,20:00:00,D,173.0,1200.0,1094.0,9.0,True,EZY,1242.692,False,True,True,GPD CANDIDATE,1202.7273,2.727300000000014,0.0,2.727300000000014
ELY391,B738,LLBG,LEBL,4XEKF,380,15:50:00,15,20:00:00,D,184.0,1200.0,950.0,15.0,False,ELY,3116.916,False,False,False,EXEMPT INTERNATIONAL,1201.3636,1.3635999999999058,1.3635999999999058,0.0
WMT6YB,A21N,LOWW,LEBL,9HWDV,350,18:21:00,11,20:05:00,D,220.0,1205.0,1101.0,11.0,True,WMT,1188.3666666666666,False,True,True,GPD CANDIDATE,1205.4545,0.45450000000005275,0.0,0.45450000000005275
ANE28LD,CRJX,LELN,LEBL,ECLJX,320,19:20:00,5,20:05:00,E,100.0,1205.0,1160.0,5.0,True,ANE,340.76800000000003,False,True,True,GPD CANDIDATE,1206.8182,1.8181999999999334,0.0,1.8181999999999334
EJU93FV,A319,LSGG,LEBL,OELKC,290,19:05:00,10,20:05:00,D,144.0,1205.0,1145.0,10.0,True,EJU,604.3693333333334,False,True,True,GPD CANDIDATE,1208.1818,3.1818000000000666,0.0,3.1818000000000666
TAP38KJ,A320,LPPT,LEBL,9HGTS,340,18:19:00,14,20:05:00,D,173.0,1205.0,1099.0,14.0,True,TAP,1174.7853333333335,False,True,True,GPD CANDIDATE,1209.5455,4.545499999999947,0.0,4.545499999999947
VLG9VT,A321,LEIB,LEBL,ECMRF,180,19:21:00,10,20:10:00,D,207.0,1210.0,1161.0,10.0,True,VLG,454.97466666666674,False,True,True,GPD CANDIDATE,1210.9091,0.9091000000000804,0.0,0.9091000000000804
VLG24BW,A320,LEZL,LEBL,ECMBY,340,18:34:00,12,20:10:00,D,173.0,1210.0,1114.0,12.0,True,VLG,1066.1346666666666,False,True,True,GPD CANDIDATE,1212.2727,2.272699999999986,0.0,2.272699999999986
EIN5ME,A320,EIDW,LEBL,EIDEI,370,18:15:00,20,20:10:00,D,173.0,1210.0,1095.0,20.0,True,EIN,1215.5293333333334,False,True,True,GPD CANDIDATE,1213.6364,3.6364000000000942,0.0,3.6364000000000942
SWT973P,AT43,LEMD,LEBL,ECJAD,220,18:46:00,16,20:15:00,E,49.0,1215.0,1126.0,16.0,True,SWT,666.72,False,True,True,GPD CANDIDATE,1215.0,0.0,0.0,0.0
VLG8581,A320,LATI,LEBL,ECJTQ,390,18:25:00,10,20:20:00,D,173.0,1220.0,1105.0,10.0,True,VLG,1351.342666666667,False,True,True,GPD CANDIDATE,1220.4545,0.45450000000005275,0.0,0.45450000000005275
TVF67BM,A20N,LFPO,LEBL,FHXSA,370,19:17:00,11,20:30:00,D,180.0,1230.0,1157.0,11.0,True,TVF,767.3453333333333,False,True,True,GPD CANDIDATE,1230.0,0.0,0.0,0.0
KLM71Z,B738,EHAM,LEBL,PHBXA,410,18:52:00,20,20:30:00,D,184.0,1230.0,1132.0,20.0,True,KLM,984.6466666666666,False,True,True,GPD CANDIDATE,1231.3636,1.3635999999999058,0.0,1.3635999999999058
NSZ6KY,B738,ESGG,LEBL,SERPE,390,18:11:00,8,20:35:00,D,184.0,1235.0,1091.0,8.0,True,NSZ,1772.3639999999998,False,True,True,GPD CANDIDATE,1235.4545,0.45450000000005275,0.0,0.45450000000005275
THY8HC,B738,LTFM,LEBL,TCJZE,370,17:28:00,20,20:35:00,D,184.0,1235.0,1048.0,20.0,True,THY,2193.3853333333336,False,True,True,GPD CANDIDATE,1236.8182,1.8181999999999334,0.0,1.8181999999999334
RYR42SY,B738,LEIB,LEBL,9HQBW,240,20:13:00,7,20:45:00,D,184.0,1245.0,1213.0,7.0,True,RYR,264.836,False,True,True,GPD CANDIDATE,1245.0,0.0,0.0,0.0
VLG963B,A320,GCXO,LEBL,ECMFN,360,17:48:00,4,20:45:00,D,173.0,1245.0,1068.0,4.0,True,VLG,2274.8733333333334,False,True,True,GPD CANDIDATE,1246.3636,1.3635999999999058,0.0,1.3635999999999058
RYR539Z,A320,LEPA,LEBL,9HLAX,180,20:16:00,15,20:45:00,D,173.0,1245.0,1216.0,15.0,True,RYR,115.44133333333333,False,True,True,GPD CANDIDATE,1247.7273,2.727300000000014,0.0,2.727300000000014
VLG14PF,A320,LIMC,LEBL,ECOKH,290,19:43:00,13,20:50:00,D,173.0,1250.0,1183.0,13.0,True,VLG,658.6946666666668,False,True,True,GPD CANDIDATE,1250.4545,0.45450000000005275,0.0,0.45450000000005275
IBE04LY,A320,LEMD,LEBL,ECILS,300,20:08:00,16,20:55:00,D,173.0,1255.0,1208.0,16.0,True,IBE,346.324,False,True,True,GPD CANDIDATE,1255.9091,0.9091000000000804,0.0,0.9091000000000804
AFR69BZ,A320,LFPG,LEBL,FGKXH,370,19:21:00,16,21:00:00,D,173.0,1260.0,1161.0,16.0,True,AFR,1052.5533333333335,False,True,True,GPD CANDIDATE,1260.0,0.0,0.0,0.0
BAW482P,A320,EGLL,LEBL,GEUYX,290,18:57:00,33,21:00:00,D,173.0,1260.0,1137.0,33.0,True,BAW,1147.6226666666669,False,True,True,GPD CANDIDATE,1261.3636,1.3635999999999058,0.0,1.3635999999999058
VLG39YK,A320,EDDL,LEBL,ECKRH,390,19:06:00,11,21:00:00,D,173.0,1260.0,1146.0,11.0,True,VLG,1324.18,False,True,True,GPD CANDIDATE,1262.7273,2.727300000000014,0.0,2.727300000000014
RYR6975,B738,LGKR,LEBL,EIDPI,360,18:55:00,15,21:05:00,D,184.0,1265.0,1135.0,15.0,True,RYR,1487.1560000000002,False,True,True,GPD CANDIDATE,1265.4545,0.45450000000005275,0.0,0.45450000000005275
VLG6PR,A21N,EGCC,LEBL,ECNYE,350,19:10:00,17,21:05:00,D,220.0,1265.0,1150.0,17.0,True,VLG,1256.2733333333335,False,True,True,GPD CANDIDATE,1266.8182,1.8181999999999334,0.0,1.8181999999999334
ITY078,A20N,LIRF,LEBL,EIHOH,350,19:40:00,15,21:10:00,D,180.0,1270.0,1180.0,15.0,True,ITY,943.9026666666667,False,True,True,GPD CANDIDATE,1270.9091,0.9091000000000804,0.0,0.9091000000000804
RYR379H,B738,EGPH,LEBL,9HQAL,370,18:45:00,13,21:10:00,D,184.0,1270.0,1125.0,13.0,True,RYR,1718.0386666666668,False,True,True,GPD CANDIDATE,1272.2727,2.272699999999986,0.0,2.272699999999986
DLH67E,A320,EDDF,LEBL,DAIWJ,370,19:40:00,14,21:10:00,D,173.0,1270.0,1180.0,14.0,True,DLH,957.484,False,True,True,GPD CANDIDATE,1273.6364,3.6364000000000942,0.0,3.6364000000000942
VLG45NE,A20N,LEPA,LEBL,ECNFK,180,20:42:00,17,21:15:00,D,180.0,1275.0,1242.0,17.0,True,VLG,142.604,False,True,True,GPD CANDIDATE,1275.0,0.0,0.0,0.0
VLG7BU,A320,LKPR,LEBL,ECOFU,360,19:25:00,16,21:15:00,D,173.0,1275.0,1165.0,16.0,True,VLG,1201.948,False,True,True,GPD CANDIDATE,1276.3636,1.3635999999999058,0.0,1.3635999999999058
EOA001,C560,LGMK,LEBL,IZACK,430,18:12:00,7,21:20:00,F,8.0,1280.0,1092.0,7.0,True,EOA,812.565,False,True,True,GPD CANDIDATE,1281.8182,1.8181999999999334,0.0,1.8181999999999334
RYR806H,B738,GMME,LEBL,EIDWR,380,19:45:00,15,21:20:00,D,184.0,1280.0,1185.0,15.0,False,RYR,1011.8093333333335,False,True,False,EXEMPT INTERNATIONAL,1280.4545,0.45450000000005275,0.45450000000005275,0.0
VLG9RB,A321,EHAM,LEBL,ECMHA,350,19:42:00,25,21:20:00,D,207.0,1280.0,1182.0,25.0,True,VLG,916.74,False,True,True,GPD CANDIDATE,1283.1818,3.1818000000000666,0.0,3.1818000000000666
TAR514,A320,DTTA,LEBL,LYMLG,360,19:50:00,10,21:25:00,D,173.0,1285.0,1190.0,10.0,False,TAR,1079.7160000000001,False,True,False,EXEMPT INTERNATIONAL,1285.9091,0.9091000000000804,0.9091000000000804,0.0
VLG30HZ,A320,EDDM,LEBL,ECMYC,370,19:50:00,14,21:25:00,D,173.0,1285.0,1190.0,14.0,True,VLG,1025.3906666666667,False,True,True,GPD CANDIDATE,1287.2727,2.272699999999986,0.0,2.272699999999986
VLG5LE,A321,LICC,LEBL,ECMPV,340,19:48:00,11,21:30:00,D,207.0,1290.0,1188.0,11.0,True,VLG,1161.204,False,True,True,GPD CANDIDATE,1290.0,0.0,0.0,0.0
EJU12GP,A319,LIMC,LEBL,OELQQ,350,20:18:00,12,21:30:00,D,144.0,1290.0,1218.0,12.0,True,EJU,740.1826666666667,False,True,True,GPD CANDIDATE,1291.3636,1.3635999999999058,0.0,1.3635999999999058
RYR6PQ,B38M,LEMG,LEBL,EIIJX,380,20:07:00,15,21:30:00,D,189.0,1290.0,1207.0,15.0,True,RYR,848.8333333333335,False,True,True,GPD CANDIDATE,1292.7273,2.727300000000014,0.0,2.727300000000014
VLG9JB,A321,LIMC,LEBL,ECNLV,290,20:33:00,13,21:35:00,D,207.0,1295.0,1233.0,13.0,True,VLG,590.788,False,True,True,GPD CANDIDATE,1295.4545,0.45450000000005275,0.0,0.45450000000005275
VLG40UD,A321,EDDB,LEBL,ECNLX,350,19:31:00,8,21:35:00,D,207.0,1295.0,1171.0,8.0,True,VLG,1500.7373333333333,False,True,True,GPD CANDIDATE,1296.8182,1.8181999999999334,0.0,1.8181999999999334
VLG1BA,A321,EGKK,LEBL,ECMQL,350,20:06:00,15,21:35:00,D,207.0,1295.0,1206.0,15.0,True,VLG,930.3213333333333,False,True,True,GPD CANDIDATE,1298.1818,3.1818000000000666,0.0,3.1818000000000666
PAV542H,C525,LEVX,LEBL,DIJLJ,320,20:10:00,5,21:40:00,F,6.0,1300.0,1210.0,5.0,True,PAV,368.08500000000004,False,True,True,GPD CANDIDATE,1300.9091,0.9091000000000804,0.0,0.9091000000000804
VLG8DM,A319,LFPO,LEBL,ECMIR,390,20:23:00,10,21:40:00,D,144.0,1300.0,1223.0,10.0,True,VLG,835.252,False,True,True,GPD CANDIDATE,1302.2727,2.272699999999986,0.0,2.272699999999986
VLG82NK,A321,LIRF,LEBL,ECMGZ,340,20:18:00,13,21:45:00,D,207.0,1305.0,1218.0,13.0,True,VLG,930.3213333333333,False,True,True,GPD CANDIDATE,1305.0,0.0,0.0,0.0
VLG8BT,A21N,LEMH,LEBL,ECNYF,180,21:14:00,10,21:45:00,D,220.0,1305.0,1274.0,10.0,True,VLG,210.51066666666668,False,True,True,GPD CANDIDATE,1306.3636,1.3635999999999058,0.0,1.3635999999999058
RYR8QT,B738,LEPA,LEBL,9HQEW,180,21:14:00,16,21:50:00,D,184.0,1310.0,1274.0,16.0,True,RYR,196.92933333333335,False,True,True,GPD CANDIDATE,1310.4545,0.45450000000005275,0.0,0.45450000000005275
EJU89ZC,A319,LFSB,LEBL,OELQA,330,20:41:00,15,21:50:00,D,144.0,1310.0,1241.0,15.0,True,EJU,658.6946666666668,False,True,True,GPD CANDIDATE,1311.8182,1.8181999999999334,0.0,1.8181999999999334
VLG25JN,A320,LFPG,LEBL,ECMBS,370,20:37:00,12,21:50:00,D,173.0,1310.0,1237.0,12.0,True,VLG,753.764,False,True,True,GPD CANDIDATE,1313.1818,3.1818000000000666,0.0,3.1818000000000666
VLG34LT,A320,LEGR,LEBL,ECMXP,360,20:55:00,5,21:55:00,D,173.0,1315.0,1255.0,5.0,True,VLG,672.2760000000001,False,True,True,GPD CANDIDATE,1315.9091,0.9091000000000804,0.0,0.9091000000000804
VLG6028,A20N,LIRQ,LEBL,ECNCS,360,20:26:00,5,21:55:00,D,180.0,1315.0,1226.0,5.0,True,VLG,1066.1346666666666,False,True,True,GPD CANDIDATE,1317.2727,2.272699999999986,0.0,2.272699999999986
VLG4QP,A320,LPPT,LEBL,ECKDG,380,20:41:00,15,21:55:00,D,173.0,1315.0,1241.0,15.0,True,VLG,726.6013333333334,False,True,True,GPD CANDIDATE,1318.6364,3.6364000000000942,0.0,3.6364000000000942
VLG60YC,A321,EBBR,LEBL,ECMMH,350,20:18:00,22,22:00:00,D,207.0,1320.0,1218.0,22.0,True,VLG,1011.8093333333335,False,True,True,GPD CANDIDATE,1320.0,0.0,0.0,0.0
SWR3QA,A320,LSZH,LEBL,HBIJO,330,20:45:00,13,22:00:00,D,173.0,1320.0,1245.0,13.0,True,SWR,767.3453333333333,False,True,True,GPD CANDIDATE,1321.3636,1.3635999999999058,0.0,1.3635999999999058
VLG91VV,A320,LEVX,LEBL,ECLAB,320,20:47:00,7,22:00:00,D,173.0,1320.0,1247.0,7.0,True,VLG,821.6706666666666,False,True,True,GPD CANDIDATE,1322.7273,2.727300000000014,0.0,2.727300000000014
VLG61FK,A320,EGLL,LEBL,ECOKI,370,20:21:00,20,22:05:00,D,173.0,1325.0,1221.0,20.0,True,VLG,1066.1346666666666,False,True,True,GPD CANDIDATE,1325.4545,0.45450000000005275,0.0,0.45450000000005275
VLG4JJ,A320,EDDB,LEBL,ECMAO,370,20:04:00,8,22:05:00,D,173.0,1325.0,1204.0,8.0,True,VLG,1459.9933333333336,False,True,True,GPD CANDIDATE,1326.8182,1.8181999999999334,0.0,1.8181999999999334
EJU7214,A319,LPPT,LEBL,OELVG,380,20:45:00,17,22:10:00,D,144.0,1330.0,1245.0,17.0,True,EJU,848.8333333333335,False,True,True,GPD CANDIDATE,1330.9091,0.9091000000000804,0.0,0.9091000000000804
VLG52YE,A321,LIPZ,LEBL,ECMLM,350,20:47:00,11,22:10:00,D,207.0,1330.0,1247.0,11.0,True,VLG,903.1586666666667,False,True,True,GPD CANDIDATE,1332.2727,2.272699999999986,0.0,2.272699999999986
VLG876B,A320,EDDH,LEBL,ECMAH,370,20:10:00,9,22:10:00,D,173.0,1330.0,1210.0,9.0,True,VLG,1432.8306666666667,False,True,True,GPD CANDIDATE,1333.6364,3.6364000000000942,0.0,3.6364000000000942
VLG67CB,A320,LEAS,LEBL,ECJTQ,320,21:08:00,5,22:15:00,D,173.0,1335.0,1268.0,5.0,True,VLG,767.3453333333333,False,True,True,GPD CANDIDATE,1335.0,0.0,0.0,0.0
RYR65DP,B738,LIPE,LEBL,EIDCW,370,20:50:00,15,22:15:00,D,184.0,1335.0,1250.0,15.0,True,RYR,875.9960000000001,False,True,True,GPD CANDIDATE,1336.3636,1.3635999999999058,0.0,1.3635999999999058
VLG13LA,A321,GCLP,LEBL,ECMHB,340,19:37:00,14,22:15:00,D,207.0,1335.0,1177.0,14.0,True,VLG,1881.0146666666667,False,True,True,GPD CANDIDATE,1337.7273,2.727300000000014,0.0,2.727300000000014
VLG796R,A320,LEPA,LEBL,ECNUP,180,21:44:00,17,22:20:00,D,173.0,1340.0,1304.0,17.0,True,VLG,183.348,False,True,True,GPD CANDIDATE,1340.4545,0.45450000000005275,0.0,0.45450000000005275
VLG14RT,A321,LEPA,LEBL,ECMQB,180,21:47:00,17,22:20:00,D,207.0,1340.0,1307.0,17.0,True,VLG,142.604,False,True,True,GPD CANDIDATE,1341.8182,1.8181999999999334,0.0,1.8181999999999334
VLG159U,A321,EKCH,LEBL,ECMJR,350,19:53:00,10,22:20:00,D,207.0,1340.0,1193.0,10.0,True,VLG,1785.9453333333336,False,True,True,GPD CANDIDATE,1343.1818,3.1818000000000666,0.0,3.1818000000000666
VLG5SC,A320,LEZL,LEBL,ECMER,340,20:59:00,12,22:25:00,D,173.0,1345.0,1259.0,12.0,True,VLG,930.3213333333333,False,True,True,GPD CANDIDATE,1345.9091,0.9091000000000804,0.0,0.9091000000000804
VLG9MZ,A320,LFML,LEBL,ECMVE,290,21:32:00,5,22:25:00,D,173.0,1345.0,1292.0,5.0,True,VLG,577.2066666666667,False,True,True,GPD CANDIDATE,1347.2727,2.272699999999986,0.0,2.272699999999986
VLG669A,A321,LIRN,LEBL,ECMGY,340,20:58:00,12,22:25:00,D,207.0,1345.0,1258.0,12.0,True,VLG,943.9026666666667,False,True,True,GPD CANDIDATE,1348.6364,3.6364000000000942,0.0,3.6364000000000942
VLG1SG,A320,GCXO,LEBL,ECMEL,380,19:43:00,4,22:30:00,D,173.0,1350.0,1183.0,4.0,True,VLG,2139.06,False,True,True,GPD CANDIDATE,1350.0,0.0,0.0,0.0
VLG79EM,A321,LPPR,LEBL,ECMLD,340,21:12:00,12,22:30:00,D,207.0,1350.0,1272.0,12.0,True,VLG,821.6706666666666,False,True,True,GPD CANDIDATE,1351.3636,1.3635999999999058,0.0,1.3635999999999058
VLG5ET,A320,LEMH,LEBL,ECMLE,180,21:54:00,10,22:30:00,D,173.0,1350.0,1314.0,10.0,True,VLG,278.4173333333334,False,True,True,GPD CANDIDATE,1352.7273,2.727300000000014,0.0,2.727300000000014
VLG738J,A321,EGKK,LEBL,ECNLY,350,21:03:00,12,22:35:00,D,207.0,1355.0,1263.0,12.0,True,VLG,1011.8093333333335,False,True,True,GPD CANDIDATE,1355.4545,0.45450000000005275,0.0,0.45450000000005275
RYR73TJ,B738,EGSS,LEBL,EIEMA,370,20:44:00,10,22:35:00,D,184.0,1355.0,1244.0,10.0,True,RYR,1297.0173333333332,False,True,True,GPD CANDIDATE,1356.8182,1.8181999999999334,0.0,1.8181999999999334
VLG7NB,A320,LEIB,LEBL,ECOGE,160,21:51:00,10,22:35:00,D,173.0,1355.0,1311.0,10.0,True,VLG,387.06800000000004,False,True,True,GPD CANDIDATE,1358.1818,3.1818000000000666,0.0,3.1818000000000666
VLG3XA,A321,LPPT,LEBL,ECMMU,340,21:21:00,6,22:40:00,D,207.0,1360.0,1281.0,6.0,True,VLG,916.74,False,True,True,GPD CANDIDATE,1360.9091,0.9091000000000804,0.0,0.9091000000000804
VLG41XC,A320,LEST,LEBL,ECMYB,320,21:30:00,15,22:45:00,D,173.0,1365.0,1290.0,15.0,True,VLG,740.1826666666667,False,True,True,GPD CANDIDATE,1365.0,0.0,0.0,0.0
VLG46DQ,A320,LICJ,LEBL,ECODM,380,21:22:00,12,22:45:00,D,173.0,1365.0,1282.0,12.0,True,VLG,889.5773333333333,False,True,True,GPD CANDIDATE,1366.3636,1.3635999999999058,0.0,1.3635999999999058
VLG3WB,A319,LFMN,LEBL,ECMIQ,300,21:58:00,12,22:45:00,D,144.0,1365.0,1318.0,12.0,True,VLG,400.64933333333335,False,True,True,GPD CANDIDATE,1367.7273,2.727300000000014,0.0,2.727300000000014
VLG11HU,A321,LEMG,LEBL,ECMOO,320,21:36:00,11,22:50:00,D,207.0,1370.0,1296.0,11.0,True,VLG,780.9266666666667,False,True,True,GPD CANDIDATE,1370.4545,0.45450000000005275,0.0,0.45450000000005275
VLG4WK,A320,LIEE,LEBL,ECKDH,340,21:51:00,8,22:50:00,D,173.0,1370.0,1311.0,8.0,True,VLG,617.9506666666666,False,True,True,GPD CANDIDATE,1371.8182,1.8181999999999334,0.0,1.8181999999999334
RYR31DG,B38M,LHBP,LEBL,EIIJM,370,20:42:00,12,22:55:00,D,189.0,1375.0,1242.0,12.0,True,RYR,1568.644,False,True,True,GPD CANDIDATE,1375.9091,0.9091000000000804,0.0,0.9091000000000804
VLG3AC,A320,LECO,LEBL,ECOFX,320,21:46:00,6,22:55:00,D,173.0,1375.0,1306.0,6.0,True,VLG,780.9266666666667,False,True,True,GPD CANDIDATE,1377.2727,2.272699999999986,0.0,2.272699999999986
RYR71AV,B738,LIME,LEBL,EIENF,350,21:55:00,7,23:00:00,D,184.0,1380.0,1315.0,7.0,True,RYR,713.02,False,True,True,GPD CANDIDATE,1380.0,0.0,0.0,0.0
NSZ5521,B738,ENGM,LEBL,SERRF,410,20:17:00,15,23:00:00,D,184.0,1380.0,1217.0,15.0,True,NSZ,1935.3400000000001,False,True,True,GPD CANDIDATE,1381.3636,1.3635999999999058,0.0,1.3635999999999058
RYR1397,B738,LIPQ,LEBL,9HQDA,370,21:37:00,10,23:05:00,D,184.0,1385.0,1297.0,10.0,True,RYR,984.6466666666666,False,True,True,GPD CANDIDATE,1385.4545,0.45450000000005275,0.0,0.45450000000005275
RYR67KU,B738,LEZL,LEBL,EIEBF,380,22:08:00,12,23:15:00,D,184.0,1395.0,1328.0,12.0,True,RYR,672.2760000000001,False,True,True,GPD CANDIDATE,1395.0,0.0,0.0,0.0
RYR404A,B738,LPPR,LEBL,EIDCN,320,21:40:00,15,23:20:00,D,184.0,1400.0,1300.0,15.0,True,RYR,1079.7160000000001,False,True,True,GPD CANDIDATE,1400.4545,0.45450000000005275,0.0,0.45450000000005275
RYR56YL,B738,EIDW,LEBL,9HQEK,370,21:20:00,20,23:20:00,D,184.0,1400.0,1280.0,20.0,True,RYR,1283.4360000000001,False,True,True,GPD CANDIDATE,1401.8182,1.8181999999999334,0.0,1.8181999999999334
AEE712,A20N,LGAV,LEBL,SXNEQ,380,20:53:00,14,23:25:00,D,180.0,1405.0,1253.0,14.0,True,AEE,1799.5266666666669,False,True,True,GPD CANDIDATE,1405.9091,0.9091000000000804,0.0,0.9091000000000804
TAP1040,A320,LPPT,LEBL,CSTNX,380,21:52:00,16,23:25:00,D,173.0,1405.0,1312.0,16.0,True,TAP,971.0653333333335,False,True,True,GPD CANDIDATE,1407.2727,2.272699999999986,0.0,2.272699999999986
